deviceid,floatvalue_saliencyscore,floatvalue_kmeansscore,floatvalue_FFTScore,floatvalue_spectralZscore,floatvalue_spectralScore,floatvalue_GenScore,floatvalue,timestamp
CakebreadId_0036,2.5775764039947515,1.8313179362069854,8.486128973252544,0.3709669996550031,310.7643882649062,0.02908486480816811,25,06/01/2020 02:04,
CakebreadId_0036,2.5277797301572877,1.6826943425585594,6.423198543697991,0.3720566879592439,349.52616528300905,0.021273388976945834,27.10000038146973,06/01/2020 02:17,
CakebreadId_0036,8.54868625627009,1.5408861165329009,6.139070054547579,0.3731463762634847,388.2879423011119,0.02120488529792257,24.5,06/01/2020 02:34,
CakebreadId_0036,7.413177714726839,1.9810657027410206,6.594188944377728,0.3668954733154111,327.360344894357,0.02250018488738285,23.79999923706055,06/01/2020 03:02,
CakebreadId_0036,4.210435241906389,1.714101987961838,6.00841416062221,0.36064457036733755,266.43274748760206,0.021285973857251297,26.899999618530273,06/01/2020 03:04,
CakebreadId_0036,5.9382021333047526,2.269722543603679,8.371862360775285,0.35439366741926404,205.50515008084716,0.027527973375048018,26,06/01/2020 03:27,
CakebreadId_0036,11.419451692598905,2.524296922496005,9.29675817657149,0.34814276447119047,144.57755267409223,0.03126863016628401,23.60000038146973,06/01/2020 03:31,
CakebreadId_0036,9.789464852317584,1.7367993312920027,6.961033022752537,0.3418918615231169,83.6499552673373,0.023136877014979258,26.70000076293945,06/01/2020 03:37,
CakebreadId_0036,5.48085657972894,1.4834056642638953,2.578388604163341,0.33564095857504334,22.722357860582406,0.008471070760074554,24.20000076293945,06/01/2020 03:48,
CakebreadId_0036,8.792476715779724,1.7633098109698886,5.471826899413714,0.3302085258365719,19.098562898982163,0.018875212384542914,23.399999618530273,06/01/2020 04:26,
CakebreadId_0036,13.589596844812071,1.584982655845691,6.353600938891881,0.3247760930981005,15.474767937381898,0.02103661871214151,26.399999618530273,06/01/2020 04:28,
CakebreadId_0036,4.383034018176113,1.4816814853112814,4.538629285551473,0.31934366035962913,11.850972975781636,0.015298391347217732,25.5,06/01/2020 04:51,
CakebreadId_0036,4.980406591912523,1.6465975839839637,5.751180731241291,0.3139112276211577,8.227178014181371,0.019251642767779874,23.20000076293945,06/01/2020 04:54,
CakebreadId_0036,6.010842312873116,1.6259900876545592,5.4928086912253855,0.30847879488268626,4.603383052581108,0.018816238423258427,25.399999618530273,06/01/2020 04:57,
CakebreadId_0036,8.364899021262666,1.9141422006988928,6.208387136474936,0.3030463621442149,0.9795880909808439,0.02245363032856046,24.899999618530273,06/01/2020 05:06,
CakebreadId_0036,8.956292423846284,1.856713466604062,6.964101329310659,0.3076668648185116,3.745843424721104,0.02479814867388324,22.899999618530273,06/01/2020 05:13,
CakebreadId_0036,4.493821397552392,1.609189887621124,4.2788671390986295,0.31228736749280833,6.512098758461362,0.014456752099658817,23.70000076293945,06/01/2020 05:50,
CakebreadId_0036,8.943833181181304,1.5243671594524448,7.518835505474486,0.3169078701671051,9.27835409220162,0.02554972183549913,26.20000076293945,06/01/2020 05:53,
CakebreadId_0036,6.094647723408823,1.2861789811713145,3.980430644464919,0.3215283728414018,12.044609425941879,0.013221899783133786,24.899999618530273,06/01/2020 06:15,
CakebreadId_0036,10.288629564723067,1.7849520849660867,6.979733307762203,0.3261488755156985,14.810864759682136,0.023012777327528842,22.79999923706055,06/01/2020 06:20,
CakebreadId_0036,10.734786268138658,2.273654545510648,8.691724071308048,0.33076937818999524,17.577120093422394,0.028795445594104355,22.5,06/01/2020 07:00,
CakebreadId_0036,9.660862219974058,2.1125615623233935,6.34739934115562,0.33345375425992885,21.426021847633162,0.021218613322827748,26,06/01/2020 07:02,
CakebreadId_0036,8.909427200858518,1.9546542266411766,5.366837146605079,0.3361381303298624,25.274923601843934,0.017916561400501605,24.399999618530273,06/01/2020 07:24,
CakebreadId_0036,6.976294950567125,1.8411607679267221,4.2758728307888525,0.338822506399796,29.123825356054702,0.014060096001586584,22.5,06/01/2020 07:35,
CakebreadId_0036,11.272100659416079,1.7937393749726185,6.062211488872197,0.3415068824697296,32.972727110265474,0.0199946932925366,23,06/01/2020 08:12,
CakebreadId_0036,47.409196140990616,3.1128244925556894,25.52168475948549,0.34419125853966315,36.82162886447624,0.08628223557519361,26.10000038146973,06/01/2020 08:14,
CakebreadId_0036,85.56828925042456,5.429021781014454,20.55665858782621,0.34687563460959675,40.67053061868701,0.06921249458233236,23.20000076293945,06/01/2020 08:50,
CakebreadId_0036,85.14537968292603,6.854450542144621,23.10613449207987,0.3449756219726995,37.64685344956737,0.07828930621144467,26.70000076293945,06/01/2020 08:52,
CakebreadId_0036,183.19609051437536,8.473762900598956,56.601449568809194,0.3430756093358022,34.62317628044772,0.19702501442288867,24.60000038146973,06/01/2020 09:01,
CakebreadId_0036,109.44591894085465,6.855648677546317,42.25530923064997,0.34117559669890496,31.599499111328086,0.14799259895430777,24.899999618530273,06/01/2020 09:07,
CakebreadId_0036,57.7447168416159,3.818209170625533,21.119267105874002,0.33927558406200775,28.575821942208442,0.07387358852842006,28.399999618530273,06/01/2020 09:08,
CakebreadId_0036,39.74680733016339,2.4624945389933526,17.05223693531047,0.3373755714251105,25.5521447730888,0.057193965920994655,25.79999923706055,06/01/2020 09:10,
CakebreadId_0036,10.7751955235967,1.5367464502497998,5.6308172873004345,0.3354755587882132,22.52846760396916,0.018857280229402966,28.79999923706055,06/01/2020 09:38,
CakebreadId_0036,13.087957327287592,1.7530329827419364,8.157777826384207,0.3078299902897648,21.642821690169836,0.02711622754340817,28.20000076293945,06/01/2020 09:50,
CakebreadId_0036,19.923518215818035,2.237540451727563,9.2180966778361,0.2801844217913164,20.757175776370513,0.030850860303670395,30.5,06/01/2020 10:31,
CakebreadId_0036,20.058618194758886,2.164558717795016,8.426303512451383,0.252538853292868,19.871529862571187,0.028861696846965823,28.79999923706055,06/01/2020 10:50,
CakebreadId_0036,13.735716191868487,1.7668384883167525,4.7290506454743575,0.2248932847944196,18.985883948771864,0.016406771843937115,27.899999618530273,06/01/2020 11:23,
CakebreadId_0036,10.686061226044153,1.5448630031241122,3.1422611919980543,0.19724771629597124,18.10023803497254,0.010712497937414505,30.10000038146973,06/01/2020 11:31,
CakebreadId_0036,13.646829907983328,1.4058366612839373,3.656485690472353,0.16960214779752283,17.21459212117322,0.012404676657703211,29.60000038146973,06/01/2020 11:55,
CakebreadId_0036,39.7852587524573,2.7252055377389297,8.865738283956203,0.15133355535744344,17.803435418937372,0.029431248667713676,29.79999923706055,06/01/2020 12:55,
CakebreadId_0036,84.65884133775435,3.500612020335947,22.013874912197988,0.13306496291736408,18.392278716701526,0.07423661486349777,30.29999923706055,06/01/2020 13:49,
CakebreadId_0036,56.32911378084462,3.2072295688063113,13.860256542253934,0.11479637047728469,18.98112201446568,0.0474848851055673,29.899999618530273,06/01/2020 14:15,
CakebreadId_0036,15.627388949998384,1.7384160324364115,4.948134913147071,0.0965277780372053,19.569965312229833,0.016548098721850247,30.899999618530273,06/01/2020 14:38,
CakebreadId_0036,74.75322686338463,3.1996667318338887,16.204620321760846,0.07825918559712591,20.158808609993986,0.05408788260626465,28.899999618530273,06/01/2020 22:37,
CakebreadId_0036,74.60885362056325,3.48173340088509,15.753279882078715,0.05999059315704654,20.74765190775814,0.05227553665136658,28.399999618530273,06/01/2020 22:55,
CakebreadId_0036,28.756271488973596,2.1605653041834727,8.411294166134754,0.1498151556237481,21.503602466499586,0.028197850280501247,28,06/01/2020 23:25,
CakebreadId_0036,24.36544266447644,2.329748507704824,7.982595210166189,0.23963971809044965,22.25955302524103,0.026388830198320536,27.899999618530273,06/01/2020 23:55,
CakebreadId_0036,19.934354618945218,1.908712396401108,8.453973852892823,0.3294642805571512,23.015503583982476,0.027975958825371957,28,06/02/2020 00:25,
CakebreadId_0036,15.528063331276883,1.8376067374895126,5.659189707444291,0.4192888430238528,23.771454142723922,0.018982089808037277,27.70000076293945,06/02/2020 00:55,
CakebreadId_0036,12.74542431667709,1.7518219491896179,3.9937377855624128,0.5091134054905544,24.527404701465365,0.013219545367273065,27.60000038146973,06/02/2020 01:25,
CakebreadId_0036,52.24630749966597,2.3695931022291887,9.424658311964862,0.598937967957256,25.28335526020681,0.031731170682329904,27.399999618530273,06/02/2020 01:55,
CakebreadId_0036,71.96206885550436,2.637236497465841,11.310240267198733,0.5462246234218849,21.917180966895938,0.038600792808003326,27.70000076293945,06/02/2020 02:25,
CakebreadId_0036,31.869767608560487,1.5721830221598625,5.363033021316725,0.4935112788865139,18.551006673585064,0.01817438577228492,27.10000038146973,06/02/2020 02:55,
CakebreadId_0036,70.84009496446373,2.869476781196587,16.077469853790298,0.4407979343511429,15.18483238027419,0.052896441333859776,26.70000076293945,06/02/2020 03:25,
CakebreadId_0036,90.87853015919889,3.3416850818272534,20.824027852432117,0.3880845898157719,11.818658086963316,0.07064461114360245,24.70000076293945,06/02/2020 03:51,
CakebreadId_0036,62.31877534439491,2.9842894422547936,16.101893073265597,0.3353712452804008,8.45248379365244,0.054659283633479876,27.10000038146973,06/02/2020 04:04,
CakebreadId_0036,67.90443848906081,2.973299816918587,19.904621337787738,0.2826579007450298,5.086309500341567,0.06720153726482044,26.60000038146973,06/02/2020 04:25,
CakebreadId_0036,46.30426149249922,2.5200624645899294,11.729634787538853,0.28943078734308614,6.147761908288298,0.04009117421540664,24.79999923706055,06/02/2020 04:50,
CakebreadId_0036,24.235489626063526,1.8609344572946798,5.768989561528722,0.2962036739411425,7.209214316235029,0.019429240047898713,26,06/02/2020 04:55,
CakebreadId_0036,20.473156273779672,1.8527070844655311,4.968130986898097,0.30297656053919886,8.27066672418176,0.01642986861771014,24.899999618530273,06/02/2020 05:19,
CakebreadId_0036,38.593890361814076,1.966702277447565,7.911146125102876,0.3097494471372552,9.332119132128492,0.026917321233726428,24,06/02/2020 05:24,
CakebreadId_0036,43.36911152058888,2.1155306981438233,7.798532449802523,0.3165223337353116,10.393571540075223,0.02745566798053454,25.79999923706055,06/02/2020 05:28,
CakebreadId_0036,27.810130069934907,1.7777745003113081,7.231766798720908,0.32329522033336794,11.455023948021953,0.025085091334694908,23.5,06/02/2020 05:46,
CakebreadId_0036,27.512753162315484,1.9090882388379182,8.445518847348769,0.3268505646631115,15.565846042083145,0.02854291099927439,22.70000076293945,06/02/2020 06:18,
CakebreadId_0036,17.935877017072812,1.891207759852086,5.94147442338764,0.3304059089928551,19.676668136144333,0.020452301996321615,25.79999923706055,06/02/2020 06:21,
CakebreadId_0036,18.881195966552703,2.0826511629882605,7.8405652613949,0.33396125332259874,23.78749023020552,0.02714406397112476,23.5,06/02/2020 06:44,
CakebreadId_0036,24.7841112931287,2.1724982553872203,10.911146600632495,0.3375165976523423,27.898312324266712,0.03748454640519184,23.60000038146973,06/02/2020 06:48,
CakebreadId_0036,27.13721326207255,2.4110799202879543,9.777829752896933,0.3410719419820859,32.009134418327896,0.03274887895171966,26.29999923706055,06/02/2020 06:54,
CakebreadId_0036,20.216520375344984,2.2647680510396064,6.943243726240292,0.3446272863118295,36.11995651238909,0.023631880920692107,22.399999618530273,06/02/2020 07:30,
CakebreadId_0036,12.442021827670391,1.4696593965128721,3.5413400962427533,0.3414478926485493,32.286609555100966,0.01219309211080431,22.299999237060547,06/02/2020 07:43,
CakebreadId_0036,9.342032713158066,1.3538302748895965,3.880948206881631,0.3382684989852691,28.453262597812838,0.01321785907941172,25.29999923706055,06/02/2020 07:45,
CakebreadId_0036,13.412155773015524,1.5569589712487923,6.054923470100004,0.3350891053219889,24.619915640524713,0.020067204448669832,23.10000038146973,06/02/2020 08:09,
CakebreadId_0036,17.527020418084604,2.0017683429186013,6.825000037297797,0.3319097116587087,20.786568683236588,0.022966018619487175,22.200000762939453,06/02/2020 08:46,
CakebreadId_0036,19.892459267887645,2.2602976902112646,7.861663722605367,0.3287303179954285,16.953221725948463,0.02709980550622423,25.399999618530273,06/02/2020 08:48,
CakebreadId_0036,22.30605725844601,2.0965717109359807,8.087063549584787,0.32555092433214833,13.119874768660338,0.027415008480361342,25,06/02/2020 09:01,
CakebreadId_0036,24.29465378749683,2.17037010486101,9.591075532398156,0.31840587701360434,11.780059821104869,0.032440600127574645,27.79999923706055,06/02/2020 09:02,
CakebreadId_0036,17.080228508240737,1.9773045240439062,6.9013961666512635,0.31126082969506036,10.4402448735494,0.023302037994846515,26.399999618530273,06/02/2020 09:09,
CakebreadId_0036,19.420933725681444,1.9936298185999521,6.929411441399138,0.3041157823765164,9.100429925993929,0.02288851418930838,24,06/02/2020 09:16,
CakebreadId_0036,55.135803418227766,3.2325276679908947,17.97126448344646,0.29697073505797233,7.760614978438459,0.059827335349504025,26.5,06/02/2020 09:20,
CakebreadId_0036,74.15096613695398,3.8836703592971027,19.35945540092785,0.28982568773942835,6.4208000308829885,0.0641452033925286,28.399999618530273,06/02/2020 10:13,
CakebreadId_0036,46.41690302679942,2.7689248195673084,10.854416901389664,0.28268064042088437,5.080985083327517,0.03622642820141905,27.70000076293945,06/02/2020 10:40,
CakebreadId_0036,22.583044421093774,2.016494555692076,8.304627590295668,0.2740755806035649,6.389656122854787,0.02764879559586107,29.79999923706055,06/02/2020 10:48,
CakebreadId_0036,16.790620084695668,1.9414751955412384,7.766444008812172,0.26547052078624545,7.698327162382057,0.026122217460588435,30.29999923706055,06/02/2020 11:06,
CakebreadId_0036,17.447324880740254,2.2463467532017285,8.961024995898324,0.256865460968926,9.006998201909328,0.02973947995167307,28.79999923706055,06/02/2020 11:12,
CakebreadId_0036,16.591857530507852,2.50782443886548,9.56398367781856,0.2482604011516065,10.315669241436598,0.032662927828992584,30.20000076293945,06/02/2020 11:16,
CakebreadId_0036,13.250744520339989,2.307999141974406,9.215244085295001,0.23965534133428704,11.62434028096387,0.031139467438781206,28.399999618530273,06/02/2020 11:40,
CakebreadId_0036,15.1510395747405,2.3866051706548026,9.02114471897124,0.23105028151696758,12.93301132049114,0.029868397546647916,29.79999923706055,06/02/2020 11:49,
CakebreadId_0036,16.551251354007587,2.243562825908889,8.16579570805335,0.2058543442708815,14.160750049336661,0.027144950237827828,28.70000076293945,06/02/2020 12:13,
CakebreadId_0036,18.453133679928854,2.1500358266403743,8.759205196861835,0.18065840702479544,15.388488778182184,0.03018074526531335,29.10000038146973,06/02/2020 12:43,
CakebreadId_0036,11.672192398718153,1.540399869411714,6.513931886025281,0.15546246977870937,16.616227507027705,0.022688574635004587,29.29999923706055,06/02/2020 13:13,
CakebreadId_0036,11.360983006515749,1.521129624443374,8.5793940392096,0.1302665325326233,17.84396623587323,0.030200262296253128,29.5,06/02/2020 13:43,
CakebreadId_0036,13.43411666665355,1.8326267555733728,10.43522286283574,0.10507059528653723,19.071704964718748,0.03599633570855572,28.5,06/02/2020 14:08,
CakebreadId_0036,14.873313382398614,2.064539352394298,8.858104659918613,0.07987465804045116,20.29944369356427,0.029556540278266617,29.29999923706055,06/02/2020 14:13,
CakebreadId_0036,14.902479002351964,1.9998848947910666,7.127620522953272,0.08746548699856013,20.084066608455036,0.02417201462553983,29.70000076293945,06/02/2020 14:27,
CakebreadId_0036,8.979704957905934,1.420963589948676,4.374700654535232,0.09505631595666908,19.8686895233458,0.014747226306035326,29.5,06/02/2020 14:43,
CakebreadId_0036,5.86170331129901,1.2383340005699406,3.0082318157979384,0.10264714491477803,19.653312438236565,0.009882848394829603,31.29999923706055,06/02/2020 15:07,
CakebreadId_0036,5.433813161210785,1.3797918994943417,5.741924781351731,0.11023797387288699,19.43793535312733,0.019433822561346993,31.399999618530273,06/02/2020 16:43,
CakebreadId_0036,10.353735248046108,1.8848934200039607,7.758618687960632,0.11782880283099595,19.222558268018094,0.026695293572090332,31.79999923706055,06/02/2020 17:43,
CakebreadId_0036,14.062363583142332,2.1053705963812224,8.00920918487032,0.1254196317891049,19.00718118290886,0.027326768860847797,31.10000038146973,06/02/2020 18:21,
CakebreadId_0036,7.031441723313564,1.2363736413954793,3.895158247554768,0.11746232421146834,19.231305065914885,0.013061860503375137,30.399999618530273,06/02/2020 18:39,
CakebreadId_0036,2.789204599873388,0.8731307970844008,1.7692258054086087,0.10950501663383178,19.45542894892091,0.005782826232524335,29.79999923706055,06/02/2020 19:39,
CakebreadId_0036,2.758325506234305,0.8199881916385633,1.6969496858978832,0.10154770905619523,19.679552831926934,0.0055588077081074674,28.60000038146973,06/02/2020 20:40,
CakebreadId_0036,5.911176197329542,1.3649744571612419,5.646105084210475,0.09359040147855865,19.90367671493296,0.018566293884278606,29.79999923706055,06/02/2020 21:07,
CakebreadId_0036,9.444956863704498,1.9600183438549443,8.903084834070915,0.08563309390092211,20.127800597938986,0.030232328620439872,29.899999618530273,06/02/2020 21:25,
CakebreadId_0036,8.542256961913921,2.0592712214225357,8.674038900144616,0.07767578632328555,20.351924480945012,0.02935801535082968,30,06/02/2020 22:26,
CakebreadId_0036,9.545044648435555,2.1118970611181895,10.533754695084415,0.10872592056996998,18.41740529706157,0.03580226072566947,28.29999923706055,06/02/2020 23:13,
CakebreadId_0036,10.112124822349452,2.1250723583003115,10.531580044193806,0.1397760548166544,16.48288611317813,0.035876970577994306,28.20000076293945,06/02/2020 23:20,
CakebreadId_0036,7.389479606696066,2.0173895982483416,7.905392626847691,0.17082618906333885,14.548366929294687,0.026736699703792156,28.399999618530273,06/02/2020 23:38,
CakebreadId_0036,10.762414018739488,2.880488444265754,15.304818336102176,0.20187632331002325,12.613847745411245,0.0508325404287669,28.20000076293945,06/03/2020 00:21,
CakebreadId_0036,14.194921309299197,3.5624365625441454,21.28593431320039,0.2329264575567077,10.679328561527804,0.07171323077256071,28.79999923706055,06/03/2020 00:37,
CakebreadId_0036,9.093002803129131,2.8294395841335853,13.79827852042083,0.2639765918033921,8.744809377644362,0.04742281631359968,26.399999618530273,06/03/2020 00:42,
CakebreadId_0036,4.784138488322193,1.7226962995257646,5.188110280387505,0.2584581682573467,9.445871555338215,0.017780205261776386,27.70000076293945,06/03/2020 00:46,
CakebreadId_0036,90.09699778781668,14.612246403312817,466.2280232154362,0.25293974471130126,10.146933733032068,1.606859229278105,26.70000076293945,06/03/2020 01:13,
CakebreadId_0036,161.72492051387297,28.208157498795362,1031.8662102180226,0.2474213211652558,10.84799591072592,3.47186914720045,27.60000038146973,06/03/2020 01:19,
CakebreadId_0036,82.31455697361153,15.019908171296898,516.8261089257337,0.24190289761921038,11.549058088419773,1.7189241807083002,26.60000038146973,06/03/2020 01:43,
CakebreadId_0036,13.574126953813627,3.314465935403348,23.643639638605837,0.23638447407316493,12.250120266113626,0.08364933950787601,27.60000038146973,06/03/2020 01:48,
CakebreadId_0036,11.025080240598355,3.4399772045099346,53.97821621728029,0.2308660505271195,12.951182443807479,0.18548198433502983,25.60000038146973,06/03/2020 02:09,
CakebreadId_0036,10.53088331299804,4.018803624787222,56.5095233221166,0.23906277254680058,11.739550815318536,0.19083860847811535,26.60000038146973,06/03/2020 02:13,
CakebreadId_0036,8.411882276663867,5.8913206749170515,57.40520385463666,0.24725949456648164,10.527919186829592,0.1981737126019305,27.29999923706055,06/03/2020 02:17,
CakebreadId_0036,8.922829416474762,4.221707315875384,35.92517519207167,0.2554562165861627,9.316287558340651,0.12542099175166582,26.5,06/03/2020 02:43,
CakebreadId_0036,11.181186756854533,2.459208078301783,14.616868261954693,0.26365293860584377,8.104655929851706,0.04908490910585034,26.899999618530273,06/03/2020 02:46,
CakebreadId_0036,9.360635684979982,2.8167964104324748,14.65271918028126,0.27184966062552485,6.893024301362764,0.04996908005842348,24.79999923706055,06/03/2020 03:09,
CakebreadId_0036,7.685875995060486,3.209101005316133,14.63762969246435,0.2800463826452059,5.681392672873821,0.05020066757769836,26,06/03/2020 03:13,
CakebreadId_0036,10.2191836523565,2.7547834417810098,16.22381682710954,0.2834015315723566,4.745401226736837,0.0551625690673777,26.899999618530273,06/03/2020 03:19,
CakebreadId_0036,9.77426196753181,3.8117435789189384,15.952838295961998,0.2867566804995072,3.809409780599852,0.054375703856379555,24.70000076293945,06/03/2020 03:39,
CakebreadId_0036,5.960585813973782,5.266567071135992,42.2128804572026,0.2901118294266578,2.8734183344628677,0.13953831603967082,25.899999618530273,06/03/2020 03:43,
CakebreadId_0036,4.1806162964109825,5.504598728836556,56.83085554127974,0.29346697835380847,1.937426888325883,0.1871408411708011,27.399999618530273,06/03/2020 03:48,
CakebreadId_0036,5.911733973455654,3.93965061567624,28.73700000627674,0.29682212728095914,1.0014354421888987,0.0965952198699171,26.20000076293945,06/03/2020 04:13,
CakebreadId_0036,6.657820041044215,3.0395186557603315,15.342584057342338,0.30017727620810974,0.06544399605191398,0.05313009298625578,27,06/03/2020 04:15,
CakebreadId_0036,6.124554376463571,3.908983511332312,22.07216054145444,0.29218177226576725,1.803446738713093,0.07368281620376206,24.20000076293945,06/03/2020 04:39,
CakebreadId_0036,6.004282709461958,3.5766565315936267,18.91263587045063,0.2841862683234248,3.5414494813742725,0.0627831370683613,25.60000038146973,06/03/2020 04:43,
CakebreadId_0036,5.254688750743236,2.8239647984858736,13.593710378445161,0.2761907643810823,5.279452224035452,0.04578974478139647,26.5,06/03/2020 04:45,
CakebreadId_0036,4.885413430264421,2.5822482257856536,12.82696376961667,0.2681952604387398,7.017454966696631,0.04347785797100305,24.29999923706055,06/03/2020 05:08,
CakebreadId_0036,4.947431457721506,2.8469775911655617,13.789599192170385,0.26019975649639737,8.75545770935781,0.046936470419047305,25.5,06/03/2020 05:13,
CakebreadId_0036,5.024408997574558,3.1953253414655,17.65434037163135,0.2522042525540549,10.493460452018988,0.06032923485475577,26.399999618530273,06/03/2020 05:15,
CakebreadId_0036,5.942809178228395,3.0407926302349626,20.2309656005075,0.25332725529029215,10.33368677605184,0.07152554087195544,25,06/03/2020 05:37,
CakebreadId_0036,6.756270277215883,2.4857003441837255,22.130562980161727,0.2544502580265294,10.173913100084691,0.08438350982872486,24.399999618530273,06/03/2020 05:42,
CakebreadId_0036,8.095424545194136,2.8462544324383754,30.746671762808138,0.25557326076276665,10.014139424117545,0.11427694423251351,26.399999618530273,06/03/2020 05:47,
CakebreadId_0036,10.056307071828808,3.8651417580798384,44.80149893449568,0.25669626349900393,9.854365748150396,0.15839904928177942,25.10000038146973,06/03/2020 06:07,
CakebreadId_0036,8.899130814531395,5.384642524698926,52.157841885505725,0.25781926623524115,9.694592072183248,0.1842909552955284,24,06/03/2020 06:12,
CakebreadId_0036,8.71461016336515,4.913510565447823,41.32183922437242,0.25894226897147843,9.5348183962161,0.14702845776536172,26,06/03/2020 06:16,
CakebreadId_0036,11.910956405050442,3.7132739395458056,30.126689762402926,0.2708202846677894,10.787912270896866,0.10473195155747357,25.79999923706055,06/03/2020 06:37,
CakebreadId_0036,17.239283491267276,4.318582426887571,28.888815385251615,0.2826983003641003,12.041006145577633,0.09759127903404212,24.899999618530273,06/03/2020 06:42,
CakebreadId_0036,21.94056959221391,4.078377234635503,30.3102764443365,0.2945763160604113,13.2941000202584,0.10144765139828324,26.60000038146973,06/03/2020 06:45,
CakebreadId_0036,20.509885323372,4.564888305467825,29.003818338913774,0.30645433175672226,14.547193894939166,0.09635107978670412,24.899999618530273,06/03/2020 07:07,
CakebreadId_0036,15.397600665535148,4.044961116747096,17.785562934068636,0.3183323474530332,15.800287769619933,0.05916670378191693,22.79999923706055,06/03/2020 07:12,
CakebreadId_0036,11.740772688971571,2.232284973010782,7.698889948553299,0.33021036314934415,17.0533816443007,0.02596982723627645,22.899999618530273,06/03/2020 07:36,
CakebreadId_0036,168.49558690954055,9.635940650760569,264.17312926866947,0.3305725738135037,17.404666392645574,0.9127613909638194,26,06/03/2020 07:39,
CakebreadId_0036,404.85102809672355,19.500515677622296,614.5207273089131,0.3309347844776632,17.755951140990447,2.0853367856647935,24,06/03/2020 08:06,
CakebreadId_0036,266.7862440583872,13.14422483133001,381.48886322346584,0.33129699514182276,18.10723588933532,1.272083445639703,26.5,06/03/2020 08:09,
CakebreadId_0036,23.281582702510455,3.2672964785305196,24.19845783098118,0.33165920580598235,18.45852063768019,0.08259012077439162,25.29999923706055,06/03/2020 08:29,
CakebreadId_0036,22.158666016751873,2.234055778618421,13.061613017534874,0.3320214164701419,18.809805386025065,0.04391769864561565,22.70000076293945,06/03/2020 08:31,
CakebreadId_0036,27.628257996947845,3.3795989548780465,21.77118838369248,0.3323836271343014,19.16109013436994,0.07236429504626066,23.5,06/03/2020 08:33,
CakebreadId_0036,36.96649135465818,4.5765776689761175,32.14281747956524,0.3338860281714411,21.05996321637005,0.10772070867829941,21.799999237060547,06/03/2020 08:59,
CakebreadId_0036,42.6686544207877,4.634129203511976,29.830637760376163,0.3353884292085808,22.958836298370162,0.10144193077125663,25.29999923706055,06/03/2020 09:01,
CakebreadId_0036,38.93323895826959,2.7103238029979115,18.31729018930199,0.3368908302457205,24.857709380370274,0.06125847718653282,26.399999618530273,06/03/2020 09:24,
CakebreadId_0036,33.44784128030732,1.5766157008141815,12.335067116367888,0.33839323128286014,26.75658246237039,0.04084441526248207,24.10000038146973,06/03/2020 09:27,
CakebreadId_0036,31.98687315612244,1.0888096205464144,11.473515645964456,0.33989563231999986,28.6554555443705,0.03794299694883202,26.79999923706055,06/03/2020 09:31,
CakebreadId_0036,33.13935551620455,0.8272004935581014,11.720909172205479,0.34139803335713953,30.554328626370612,0.038980703129643954,27.29999923706055,06/03/2020 09:54,
CakebreadId_0036,44.94568896539489,1.3312711301950853,13.647544562366491,0.3376156741200528,26.871220501304748,0.04544716877738853,24.70000076293945,06/03/2020 09:59,
CakebreadId_0036,55.771119963182095,2.225242773628322,14.876232916621817,0.333833314882966,23.188112376238884,0.04925978234806554,28.79999923706055,06/03/2020 10:02,
CakebreadId_0036,49.24957660005938,2.747253385014253,12.97360695116408,0.3300509556458793,19.50500425117302,0.043083409051965435,27.29999923706055,06/03/2020 10:25,
CakebreadId_0036,46.500086453093374,3.5342252992859313,17.50682716500557,0.3262685964087926,15.821896126107154,0.05950653172920912,27.79999923706055,06/03/2020 10:46,
CakebreadId_0036,49.12952838877195,3.72807972956333,25.409085925226748,0.3224862371717058,12.138788001041288,0.087194453104355,26.10000038146973,06/03/2020 10:59,
CakebreadId_0036,56.346311392119055,3.1462243324768493,26.017198519229666,0.3187038779346191,8.455679875975424,0.08768779189873421,27.70000076293945,06/03/2020 11:06,
CakebreadId_0036,68.78314018437223,3.6152049714773775,32.83022468888876,0.32103863772913055,10.295980740367119,0.10899870205300022,25.10000038146973,06/03/2020 11:27,
CakebreadId_0036,84.08516152041383,4.025363952972892,38.73392463112889,0.323373397523642,12.136281604758816,0.13285731324105612,26.79999923706055,06/03/2020 11:30,
CakebreadId_0036,102.75349582022723,3.914243690724669,52.87185242368804,0.3257081573181535,13.976582469150511,0.18499814768577189,29.10000038146973,06/03/2020 11:38,
CakebreadId_0036,113.6229311842703,3.8918347901253814,66.68261324361258,0.3280429171126649,15.816883333542208,0.22454549976971402,26.79999923706055,06/03/2020 11:55,
CakebreadId_0036,110.32912499580601,4.78841954931787,44.351360879053296,0.3303776769071764,17.6571841979339,0.14866393863313115,27.399999618530273,06/03/2020 12:00,
CakebreadId_0036,112.91278915631591,3.829050294395025,45.71805795924319,0.3327124367016879,19.497485062325598,0.15613041061684563,29,06/03/2020 12:02,
CakebreadId_0036,93.26423066605233,3.407271065989161,47.92627655736184,0.33327144419831023,20.11926392496254,0.1646158441958204,26.10000038146973,06/03/2020 12:27,
CakebreadId_0036,106.16822417036053,2.961022276106394,44.78924833457792,0.3338304516949326,20.741042787599476,0.15375843663473301,28.60000038146973,06/03/2020 12:36,
CakebreadId_0036,66.20383090670542,2.699345099012602,18.35403406334891,0.33438945919155494,21.362821650236416,0.06121410528433012,25.899999618530273,06/03/2020 12:57,
CakebreadId_0036,25.07486622186867,2.0247708960502906,8.5119595062287,0.33494846668817724,21.984600512873357,0.029340461264760136,28.399999618530273,06/03/2020 13:04,
CakebreadId_0036,27.456736979122404,2.3337971236491075,13.66211885350792,0.3355074741847996,22.606379375510294,0.04633573757275194,27.70000076293945,06/03/2020 13:24,
CakebreadId_0036,50.08150386222712,3.196504141452887,22.140871567846695,0.33606648168142195,23.228158238147234,0.07356937238992549,25.60000038146973,06/03/2020 13:28,
CakebreadId_0036,62.13977794427014,3.7931989028661497,25.411911276480915,0.33151943291351404,19.91151525672182,0.0841910174840023,29,06/03/2020 13:32,
CakebreadId_0036,73.53303775780194,3.5098758634899045,27.663757568439504,0.3269723841456062,16.594872275296403,0.09297697783898021,26.70000076293945,06/03/2020 13:55,
CakebreadId_0036,74.3723701805138,3.503466237220442,26.39872485828003,0.32242533537769835,13.27822929387099,0.0902165939369866,27.399999618530273,06/03/2020 13:59,
CakebreadId_0036,67.17728586331094,2.7131433878172264,19.728371397093596,0.31787828660979045,9.961586312445574,0.06576466777474518,29.399999618530273,06/03/2020 14:02,
CakebreadId_0036,83.3297716553217,2.762003706726109,32.22885019497765,0.31333123784188255,6.644943331020158,0.11133325772603266,28.10000038146973,06/03/2020 14:24,
CakebreadId_0036,98.25386443156215,3.434152641309767,37.039378223922085,0.3087841890739747,3.3283003495947447,0.13539912738787946,27.10000038146973,06/03/2020 14:29,
CakebreadId_0036,114.16040939843508,3.6547533300035786,45.97637495191133,0.3080517981698697,3.023054987594077,0.1724989725045518,29.5,06/03/2020 14:32,
CakebreadId_0036,126.52135423446751,3.717302968808694,48.9019245757549,0.3073194072657647,2.7178096255934094,0.1776632104528487,28.399999618530273,06/03/2020 14:54,
CakebreadId_0036,118.7501463523849,3.4582662646008235,48.307122616151545,0.30658701636165964,2.412564263592742,0.1604533554288337,26,06/03/2020 14:58,
CakebreadId_0036,116.40013626662235,3.798073852513954,46.56806792671008,0.30585462545755465,2.107318901592074,0.15683623256786267,29.5,06/03/2020 15:02,
CakebreadId_0036,110.47412255923622,3.717355369904764,46.27965928441835,0.30512223455344967,1.8020735395914065,0.15696903155601682,28.899999618530273,06/03/2020 15:24,
CakebreadId_0036,114.15800219664783,3.9794591935842383,35.294418268989176,0.3043898436493446,1.4968281775907388,0.1171651965004694,27.899999618530273,06/03/2020 15:29,
CakebreadId_0036,94.43466699111428,2.7927292014862424,20.278008727406093,0.28190152957952314,4.1176197519230096,0.06702267368665706,30.10000038146973,06/03/2020 15:32,
CakebreadId_0036,73.25594924033939,2.971868236811207,13.657274918847557,0.2594132155097016,6.73841132625528,0.04600251840462718,30.899999618530273,06/03/2020 16:04,
CakebreadId_0036,69.55545400374417,2.872311345282504,14.9256321199594,0.2369249014398801,9.359202900587551,0.05048882329443151,28.79999923706055,06/03/2020 16:31,
CakebreadId_0036,91.17461220217264,3.041066667027248,20.143773501231635,0.21443658737005855,11.979994474919822,0.0683621550210854,28.5,06/03/2020 16:56,
CakebreadId_0036,83.10450680846837,2.9186557604140235,19.11485623202614,0.19194827330023706,14.600786049252093,0.06852864360067283,29.70000076293945,06/03/2020 17:20,
CakebreadId_0036,67.53756050932462,2.26111650685486,15.600154889085866,0.16945995923041554,17.221577623584363,0.05445311618346116,28.60000038146973,06/03/2020 17:31,
CakebreadId_0036,72.27223439861528,2.8316158470022863,24.900998189304154,0.150914874661349,18.112804970095702,0.08302848715051318,29.899999618530273,06/03/2020 17:54,
CakebreadId_0036,116.03852890882811,3.374541517910965,43.57183499120726,0.13236979009228245,19.00403231660704,0.14672934855995637,29.29999923706055,06/03/2020 18:01,
CakebreadId_0036,155.8096861798604,3.5709571058597724,56.88208130977294,0.11382470552321591,19.89525966311838,0.19171605936680655,29.5,06/03/2020 18:23,
CakebreadId_0036,133.9480867843261,4.103332674378231,42.14714098882645,0.09527962095414937,20.786487009629724,0.14531894204128215,28.60000038146973,06/03/2020 18:30,
CakebreadId_0036,118.7783066224534,2.790082437152198,37.02109955206294,0.07673453638508282,21.677714356141063,0.12725605254344688,29.20000076293945,06/03/2020 18:54,
CakebreadId_0036,140.12180784362798,2.6253232402367375,43.03294156235309,0.058189451816016285,22.568941702652403,0.14558256715958043,28.899999618530273,06/03/2020 19:01,
CakebreadId_0036,158.31523634952308,3.4058665667737262,40.924002573771375,0.10947839462711881,43.06969906733161,0.1405624781525299,27.899999618530273,06/03/2020 19:25,
CakebreadId_0036,149.3666170776818,3.67440563930466,34.23980817130424,0.16076733743822133,63.570456432010815,0.12309533840224188,28.79999923706055,06/03/2020 19:34,
CakebreadId_0036,154.86614419842374,4.075443004038654,30.893057641381205,0.21205628024932385,84.07121379669002,0.10592262128993629,28.899999618530273,06/03/2020 20:04,
CakebreadId_0036,126.4927781436503,3.367475828683611,22.445231652188177,0.26334522306042635,104.57197116136922,0.07487277248541088,28,06/03/2020 20:33,
CakebreadId_0036,92.75975179594992,3.366677301400382,22.957229006814128,0.31463416587152887,125.07272852604842,0.08174221797444178,28.70000076293945,06/03/2020 20:49,
CakebreadId_0036,92.49561172084313,2.611746369640646,22.756747594640068,0.3659231086826314,145.57348589072765,0.08704536409065544,28.10000038146973,06/03/2020 21:01,
CakebreadId_0036,101.00494313033954,4.148381566122742,24.65011285187468,0.3664842553428512,156.3553458316978,0.08795173376372385,27,06/03/2020 21:27,
CakebreadId_0036,107.22886174121015,3.9681322372309578,29.37256494150505,0.3670454020030709,167.13720577266795,0.10981326319669593,28.399999618530273,06/03/2020 21:42,
CakebreadId_0036,93.12101974674903,3.2976539356451378,28.94273981368494,0.3676065486632907,177.91906571363808,0.10162560591905384,40.29999923706055,06/04/2020 07:49,
CakebreadId_0036,166.13293238789308,3.363800591997257,34.78826394490817,0.36816769532351046,188.70092565460823,0.11798295284149328,43.29999923706055,06/04/2020 07:52,
CakebreadId_0036,166.33383539329745,4.01089328867213,42.99686494985086,0.3687288419837302,199.48278559557838,0.15027385252680825,37.400001525878906,06/04/2020 08:10,
CakebreadId_0036,91.939168109803,3.2126571123282694,33.84036304971917,0.36928998864394996,210.26464553654853,0.11926514300571998,32.59999847412109,06/04/2020 08:33,
CakebreadId_0036,78.59755235099684,3.0060598558249496,30.57857733552525,0.3650434835690331,180.98963281372806,0.10652925694521992,30.899999618530273,06/04/2020 08:37,
CakebreadId_0036,57.24446781645018,2.2525410577247307,13.026431733476755,0.36079697849411624,151.71462009090757,0.04569667200869397,33.5,06/04/2020 08:40,
CakebreadId_0036,53.08577769969181,2.681835055165916,11.2628188979893,0.3565504734191993,122.4396073680871,0.03835519908068463,30.20000076293945,06/04/2020 09:03,
CakebreadId_0036,60.30765248548651,3.353507775400553,22.676571441187328,0.35230396834428246,93.16459464526662,0.07676251427890249,28.20000076293945,06/04/2020 09:07,
CakebreadId_0036,82.36453579927276,3.3018996801637246,37.952578772641324,0.3480574632693656,63.889581922446155,0.13037850600713854,31.60000038146973,06/04/2020 09:10,
CakebreadId_0036,60.38685798845468,2.4241359523574766,31.127714251681088,0.34381095819444873,34.61456919962566,0.10998357186290753,28.899999618530273,06/04/2020 09:33,
CakebreadId_0036,76.64445800251707,2.8949597726490315,34.293641193251815,0.34070660556639243,30.985486069492403,0.12032329980614657,27.70000076293945,06/04/2020 09:37,
CakebreadId_0036,100.0101354497163,3.7829759358014,35.57673578905924,0.33760225293833607,27.356402939359153,0.12325287560663017,30.79999923706055,06/04/2020 09:40,
CakebreadId_0036,85.97411688725936,4.043487911802932,40.15046900228673,0.3344979003102797,23.7273198092259,0.13761999424344826,29.20000076293945,06/04/2020 10:03,
CakebreadId_0036,64.17368172198927,3.941344099906866,37.107259238653725,0.3313935476822234,20.09823667909265,0.12810509483653634,28.29999923706055,06/04/2020 10:07,
CakebreadId_0036,81.8056085535588,3.147043444773403,36.71236799485707,0.3282891950541671,16.469153548959397,0.12301731733315198,31.29999923706055,06/04/2020 10:11,
CakebreadId_0036,93.74587778627244,3.248921232871748,40.840791603346865,0.32518484242611073,12.840070418826144,0.13848111461950482,29.29999923706055,06/04/2020 10:33,
CakebreadId_0036,55.46129288674911,2.242714986875791,28.94722076369825,0.32625364653373246,13.762757605962165,0.09764578937054366,28.399999618530273,06/04/2020 10:37,
CakebreadId_0036,59.236800253323395,2.7652533368116887,29.780768381011075,0.3273224506413542,14.685444793098185,0.09878072948867711,31.20000076293945,06/04/2020 10:41,
CakebreadId_0036,35.18631364692393,3.1028458205383695,19.640416913332864,0.3283912547489759,15.608131980234205,0.06784532013534782,29.5,06/04/2020 11:03,
CakebreadId_0036,38.36868532967275,2.1835360422154784,25.761565493627913,0.3294600588565976,16.530819167370225,0.0923312595613717,28.70000076293945,06/04/2020 11:07,
CakebreadId_0036,87.00493029358277,4.335156757600471,48.822921541460296,0.33052886296421935,17.453506354506246,0.1622348435196482,31.60000038146973,06/04/2020 11:11,
CakebreadId_0036,85.3337132111045,4.462013278828664,34.95503302242232,0.3315976670718411,18.376193541642266,0.11857308968166808,29.29999923706055,06/04/2020 11:33,
CakebreadId_0036,58.836713788724154,4.850431512628391,34.79423390013694,0.3323092725770898,19.145184110219247,0.1326876848767043,28.60000038146973,06/04/2020 11:37,
CakebreadId_0036,30.997667240434158,4.108224302519516,21.46586025792816,0.33302087808233855,19.914174678796233,0.07868060963553644,31.60000038146973,06/04/2020 11:40,
CakebreadId_0036,43.325960221132725,3.689591883097845,20.955315118512686,0.33373248358758734,20.683165247373218,0.07423134719222402,29.29999923706055,06/04/2020 12:03,
CakebreadId_0036,23.629063804463918,2.3516465492076097,11.299644541796507,0.33444408909283607,21.4521558159502,0.03800819308884008,31.5,06/04/2020 12:10,
CakebreadId_0036,24.826625749666007,2.3223492517926574,12.109543385230868,0.3351556945980848,22.22114638452718,0.03999593544737752,29.20000076293945,06/04/2020 12:33,
CakebreadId_0036,24.253485490397857,3.076515547850787,12.592304847812391,0.33586730010333354,22.990136953104166,0.042435025384218304,28.10000038146973,06/04/2020 12:37,
CakebreadId_0036,31.172245677124174,2.2855936844747378,18.97232973734216,0.33497335462051797,22.04621604643179,0.06314133593349174,31.399999618530273,06/04/2020 12:41,
CakebreadId_0036,43.881575366866294,2.760132993496046,19.284334367194237,0.33407940913770234,21.10229513975942,0.06452211707787144,29.10000038146973,06/04/2020 13:03,
CakebreadId_0036,34.19720652349375,3.018212635692256,13.272566539767233,0.33318546365488677,20.158374233087045,0.044280221172883306,28.10000038146973,06/04/2020 13:07,
CakebreadId_0036,27.896343429893605,2.3894107946665284,18.162245717185172,0.3322915181720712,19.21445332641467,0.06207207602006669,31.20000076293945,06/04/2020 13:10,
CakebreadId_0036,17.477865922813166,2.159437525438098,14.238688779828797,0.33139757268925557,18.2705324197423,0.04758857262797218,28.79999923706055,06/04/2020 13:33,
CakebreadId_0036,17.844501794201655,3.437841467114597,17.25973474153716,0.33050362720644,17.326611513069924,0.060028059366879424,27.899999618530273,06/04/2020 13:37,
CakebreadId_0036,20.18148457971058,3.7101916241343433,20.22307199878803,0.33056011792882134,17.379944290274977,0.06950325457609723,31.10000038146973,06/04/2020 13:40,
CakebreadId_0036,21.608236851425247,3.5286959406309766,28.01496613049766,0.33061660865120274,17.433277067480027,0.09854379728772163,30.5,06/04/2020 13:56,
CakebreadId_0036,21.73876236438269,3.7217233238284155,18.880020491004952,0.33067309937358413,17.48660984468508,0.06842032969687524,28.70000076293945,06/04/2020 14:03,
CakebreadId_0036,18.867615628103373,4.168041621877636,26.87719707596924,0.3307295900959655,17.539942621890134,0.09171221050099305,27.60000038146973,06/04/2020 14:07,
CakebreadId_0036,17.20118270503092,4.366184881739617,27.350539897607003,0.3307860808183468,17.593275399095184,0.10445152742251579,30.899999618530273,06/04/2020 14:10,
CakebreadId_0036,21.68538525805052,2.5094093033588454,34.735926322456166,0.3308425715407282,17.646608176300237,0.11595719368636284,29.29999923706055,06/04/2020 14:33,
CakebreadId_0036,13.39992069406582,3.0218752550787387,13.756638010133539,0.3314775405347488,18.303066525435245,0.046330974837392076,28.20000076293945,06/04/2020 14:37,
CakebreadId_0036,10.07881082094482,2.737044565685745,11.961866380495255,0.3321125095287694,18.959524874570253,0.03962223241279866,31.399999618530273,06/04/2020 14:40,
CakebreadId_0036,9.13283049798749,2.519225910922227,11.150016689850942,0.33274747852279,19.615983223705257,0.03661115028765232,29.79999923706055,06/04/2020 15:03,
CakebreadId_0036,7.841584344385133,2.599303426205885,7.950615856091101,0.3333824475168106,20.272441572840265,0.026366740794588544,28.60000038146973,06/04/2020 15:07,
CakebreadId_0036,7.404232799661589,2.4190620748561678,9.212012322323877,0.3340174165108312,20.928899921975272,0.03158960724673225,31.79999923706055,06/04/2020 15:10,
CakebreadId_0036,6.780957547057858,3.001311967076805,20.835337969117756,0.3346523855048518,21.58535827111028,0.06877823620318871,29.899999618530273,06/04/2020 15:33,
CakebreadId_0036,8.08277481122501,2.329915952451481,28.144130745349397,0.3348855746975994,21.856165543938843,0.09379280474458145,28.60000038146973,06/04/2020 15:37,
CakebreadId_0036,8.873770216009378,3.501364546684312,30.193431873110008,0.3351187638903469,22.126972816767406,0.10095375232302232,31.79999923706055,06/04/2020 15:40,
CakebreadId_0036,8.92170059110149,6.1538191494406105,47.15090285667986,0.33535195308309446,22.39778008959597,0.1566921488002577,29.70000076293945,06/04/2020 16:03,
CakebreadId_0036,12.501566469036602,4.480906541203325,66.79111355729866,0.335585142275842,22.668587362424535,0.22351697721010821,28.29999923706055,06/04/2020 16:07,
CakebreadId_0036,8.361180045079111,3.995070820323671,46.16586668206294,0.3358183314685895,22.939394635253098,0.15379874385855266,31.60000038146973,06/04/2020 16:10,
CakebreadId_0036,6.693516492108655,5.377687685940806,46.28945790722263,0.3360515206613371,23.21020190808166,0.17485790327128725,29.70000076293945,06/04/2020 16:33,
CakebreadId_0036,8.301527015710844,4.129075729930203,53.52304809321851,0.33607356194198856,23.236729697395614,0.17687795775835324,28.29999923706055,06/04/2020 16:37,
CakebreadId_0036,4.94323341588922,4.505929403905124,36.29546260373558,0.33609560322264004,23.26325748670957,0.12056503969323634,31.5,06/04/2020 16:40,
CakebreadId_0036,3.4368785144674385,3.572122501420517,11.216925466522566,0.3361176445032915,23.289785276023522,0.038440483979757537,29.60000038146973,06/04/2020 17:03,
CakebreadId_0036,4.759702364459512,2.052130944969571,12.477919481987396,0.33613968578394304,23.316313065337475,0.04197533337154043,28.20000076293945,06/04/2020 17:07,
CakebreadId_0036,4.427202227950331,1.6404545047843377,18.38360957783787,0.3361617270645945,23.34284085465143,0.06153549637515423,31.399999618530273,06/04/2020 17:10,
CakebreadId_0036,5.311611266160046,1.7334673812470527,5.340572970226519,0.336183768345246,23.369368643965384,0.01841348569567001,29.60000038146973,06/04/2020 17:33,
CakebreadId_0036,9.438948677739415,2.88279915171937,13.283017608681293,0.33608981306578767,23.25743205000316,0.04551324481094954,28.10000038146973,06/04/2020 17:37,
CakebreadId_0036,5.87954103566706,3.0470346284734133,13.537648786327203,0.3359958577863293,23.145495456040937,0.04473106672286769,31.399999618530273,06/04/2020 17:40,
CakebreadId_0036,6.47427726256835,1.718345706750844,5.423820532580817,0.33590190250687096,23.033558862078714,0.01970310666843231,29.29999923706055,06/04/2020 18:03,
CakebreadId_0036,6.41461297081291,2.5365364210380026,17.09626373103541,0.33580794722741264,22.921622268116487,0.06027163130295091,28,06/04/2020 18:07,
CakebreadId_0036,4.9153729641833825,4.272902429535067,40.30068003631291,0.33571399194795426,22.809685674154263,0.1345680683280336,31.20000076293945,06/04/2020 18:10,
CakebreadId_0036,4.404299843360683,4.87186860375958,24.236083917562773,0.33562003666849594,22.69774908019204,0.08377416072500232,29.10000038146973,06/04/2020 18:33,
CakebreadId_0036,4.0240246750876505,5.646010780214222,21.32060931973619,0.33668293232933644,24.166876542504422,0.07071165299560873,27.70000076293945,06/04/2020 18:37,
CakebreadId_0036,9.036511633908837,3.5233812368824164,61.864683882865364,0.33774582799017694,25.6360040048168,0.21093564825666827,30.899999618530273,06/04/2020 18:40,
CakebreadId_0036,10.673922821478415,5.24732808579147,54.341358746791855,0.33880872365101744,27.105131467129183,0.1906897185554805,29.60000038146973,06/04/2020 19:03,
CakebreadId_0036,12.311334009047993,6.971274934700524,46.818033610718345,0.3398716193118579,28.574258929441566,0.17044378885429273,28.29999923706055,06/04/2020 19:07,
CakebreadId_0036,13.948745196617573,8.695221783609577,39.294708474644835,0.3409345149726984,30.04338639175395,0.15019785915310496,31.60000038146973,06/04/2020 19:10,
CakebreadId_0036,15.586156384187149,10.41916863251863,31.77138333857133,0.3419974106335389,31.512513854066327,0.12995192945191722,29.20000076293945,06/04/2020 19:33,
CakebreadId_0036,17.22356757175673,12.143115481427685,24.248058202497816,0.341490911561947,30.753022466620457,0.10970599975072945,27.70000076293945,06/04/2020 19:37,
CakebreadId_0036,18.860978759326308,13.867062330336738,16.724733066424314,0.3409844124903551,29.993531079174584,0.08946007004954169,31,06/04/2020 19:40,
CakebreadId_0036,20.498389946895884,15.591009179245793,9.201407930350804,0.3404779134187632,29.234039691728714,0.06921414034835394,28.399999618530273,06/04/2020 20:03,
CakebreadId_0036,22.13580113446546,17.314956028154846,1.6780827942772945,0.3399714143471714,28.474548304282845,0.048968210647166166,26.899999618530273,06/04/2020 20:07,
CakebreadId_0036,23.77321232203504,19.038902877063897,0,0.3394649152755795,27.71505691683697,0.028722280945978396,30.29999923706055,06/04/2020 20:10,
CakebreadId_0036,25.41062350960462,20.762849725972956,0,0.3389584162039876,26.9555655293911,0.008476351244790625,28.399999618530273,06/04/2020 20:33,
CakebreadId_0036,27.048034697174195,22.486796574882007,0,0.33882863652764117,26.779481257276387,0,27.10000038146973,06/04/2020 20:37,
CakebreadId_0036,28.68544588474377,24.210743423791058,0,0.3386988568512948,26.603396985161677,0,30.5,06/04/2020 20:40,
CakebreadId_0036,30.322857072313354,25.934690272700117,0,0.33856907717494844,26.427312713046966,0,28.5,06/04/2020 21:03,
CakebreadId_0036,31.96026825988293,27.658637121609168,0,0.338439297498602,26.251228440932252,0,27.29999923706055,06/04/2020 21:07,
CakebreadId_0036,33.59767944745251,29.38258397051822,0,0.3383095178222556,26.075144168817538,0,30.60000038146973,06/04/2020 21:10,
CakebreadId_0036,35.23509063502208,31.106530819427277,0,0.33817973814590924,25.899059896702827,0,28.399999618530273,06/04/2020 21:33,
CakebreadId_0036,36.872501822591666,32.83047766833633,0,0.334209420397303,22.584788349501338,0,27.10000038146973,06/04/2020 21:37,
CakebreadId_0036,38.50991301016124,34.55442451724538,0,0.3302391026486967,19.270516802299852,0,30.399999618530273,06/04/2020 21:40,
CakebreadId_0036,40.14732419773082,36.27837136615444,0,0.3262687849000905,15.956245255098365,0,28.5,06/04/2020 22:03,
CakebreadId_0036,41.7847353853004,38.00231821506349,0,0.32229846715148425,12.641973707896877,0,27.10000038146973,06/04/2020 22:07,
CakebreadId_0036,43.42214657286998,39.72626506397255,0,0.31832814940287796,9.327702160695392,0,30.29999923706055,06/04/2020 22:10,
CakebreadId_0036,46.696968948009136,43.17415876179065,0,0.3174986834953523,8.3459295729171,0,28.29999923706055,06/04/2020 22:33,
CakebreadId_0036,46.696968948009136,43.17415876179065,0,0.3174986834953523,8.3459295729171,0,28.29999923706055,06/04/2020 22:33,
CakebreadId_0036,49.97179132314829,46.62205245960876,0,0.32378038717751356,13.010927491763495,0,26.899999618530273,06/04/2020 22:37,
CakebreadId_0036,49.97179132314829,46.62205245960876,0,0.32378038717751356,13.010927491763495,0,26.899999618530273,06/04/2020 22:37,
CakebreadId_0036,51.60920251071787,48.34599930851781,0,0.32692123901859416,15.343426451186692,0,30.20000076293945,06/04/2020 22:40,
CakebreadId_0036,53.24661369828745,50.06994615742687,0,0.3300620908596748,17.675925410609892,0,28.10000038146973,06/04/2020 23:03,
CakebreadId_0036,54.88402488585702,51.79389300633592,0,0.3332029427007554,20.008424370033087,0,26.79999923706055,06/04/2020 23:07,
CakebreadId_0036,56.5214360734266,53.51783985524497,0,0.33097480236399224,18.19873680834571,0,29.899999618530273,06/04/2020 23:10,
CakebreadId_0036,58.15884726099618,55.24178670415403,0,0.3287466620272291,16.38904924665833,0,27.899999618530273,06/04/2020 23:33,
CakebreadId_0036,59.79625844856576,56.96573355306308,0,0.3265185216904659,14.579361684970955,0,27.5,06/05/2020 00:03,
CakebreadId_0036,61.433669636135335,58.68968040197214,0,0.3242903813537028,12.769674123283579,0,26.399999618530273,06/05/2020 00:07,
CakebreadId_0036,63.07108082370492,60.41362725088119,0,0.32206224101693964,10.959986561596201,0,27.399999618530273,06/05/2020 00:33,
CakebreadId_0036,64.70849201127449,62.13757409979024,0,0.3198341006801765,9.150298999908824,0,26.20000076293945,06/05/2020 00:37,
CakebreadId_0036,66.34590319884407,63.8615209486993,0,0.3140516734202915,8.373566744680797,0,29.399999618530273,06/05/2020 00:40,
CakebreadId_0036,67.98331438641364,65.58546779760835,0,0.30826924616040646,7.59683448945277,0,27.20000076293945,06/05/2020 01:03,
CakebreadId_0036,69.62072557398322,67.3094146465174,0,0.3024868189005215,6.820102234224743,0,26.10000038146973,06/05/2020 01:07,
CakebreadId_0036,71.2581367615528,69.03336149542645,0,0.2967043916406365,6.043369978996717,0,27.20000076293945,06/05/2020 01:38,
CakebreadId_0036,72.89554794912237,70.7573083443355,0,0.29092196438075146,5.26663772376869,0,28.399999618530273,06/05/2020 01:49,
CakebreadId_0036,74.53295913669196,72.48125519324456,0,0.2851395371208665,4.4899054685406625,0,26.399999618530273,06/05/2020 02:03,
CakebreadId_0036,76.17037032426154,74.20520204215362,0,0.29578999559293245,11.36118330805887,0,25.20000076293945,06/05/2020 02:07,
CakebreadId_0036,77.80778151183112,75.92914889106267,0,0.3064404540649984,18.232461147577077,0,27.29999923706055,06/05/2020 02:11,
CakebreadId_0036,79.44519269940069,77.65309573997172,0,0.3170909125370644,25.103738987095287,0,26.899999618530273,06/05/2020 02:38,
CakebreadId_0036,81.08260388697028,79.37704258888077,0,0.32774137100913037,31.975016826613494,0,27.60000038146973,06/05/2020 02:43,
CakebreadId_0036,82.72001507453984,81.10098943778982,0,0.33839182948119634,38.846294666131705,0,24.20000076293945,06/05/2020 03:07,
CakebreadId_0036,84.35742626210943,82.82493628669889,0,0.3490422879532623,45.71757250564991,0,27.899999618530273,06/05/2020 03:09,
CakebreadId_0036,85.99483744967901,84.54888313560794,0,0.34809339454861193,43.730261610468176,0,25.20000076293945,06/05/2020 03:33,
CakebreadId_0036,87.63224863724858,86.27282998451699,0,0.3471445011439615,41.74295071528643,0,23.899999618530273,06/05/2020 03:37,
CakebreadId_0036,89.26965982481816,87.99677683342604,0,0.34619560773931113,39.7556398201047,0,27.10000038146973,06/05/2020 03:39,
CakebreadId_0036,90.90707101238775,89.72072368233509,0,0.34524671433466075,37.76832892492296,0,26.79999923706055,06/05/2020 04:02,
CakebreadId_0036,92.54448219995732,91.44467053124416,0,0.3442978209300103,35.78101802974122,0,23.70000076293945,06/05/2020 04:05,
CakebreadId_0036,94.1818933875269,93.16861738015321,0,0.34334892752535995,33.79370713455948,0,23.5,06/05/2020 04:07,
CakebreadId_0036,95.81930457509648,94.89256422906226,0,0.34395279164836134,34.97482509188757,0,27.20000076293945,06/05/2020 04:09,
CakebreadId_0036,97.45671576266605,96.61651107797131,0,0.3445566557713628,36.155943049215644,0,26.899999618530273,06/05/2020 04:32,
CakebreadId_0036,99.09412695023563,98.34045792688036,0,0.34516051989436425,37.33706100654373,0,23.79999923706055,06/05/2020 04:36,
CakebreadId_0036,100.7315381378052,100.06440477578941,0,0.34576438401736564,38.51817896387181,0,27.60000038146973,06/05/2020 04:38,
CakebreadId_0036,102.36894932537479,101.78835162469848,0,0.34636824814036704,39.69929692119989,0,25.399999618530273,06/05/2020 05:03,
CakebreadId_0036,104.00636051294437,103.51229847360753,0,0.3469721122633685,40.88041487852797,0,23.79999923706055,06/05/2020 05:07,
CakebreadId_0036,105.64377170051394,105.23624532251658,0,0.3457773639536562,38.75879818383278,0,27.60000038146973,06/05/2020 05:08,
CakebreadId_0036,107.28118288808352,106.96019217142563,0,0.344582615643944,36.63718148913759,0,25.29999923706055,06/05/2020 05:33,
CakebreadId_0036,108.9185940756531,108.68413902033468,0,0.3433878673342317,34.5155647944424,0,23.70000076293945,06/05/2020 05:37,
CakebreadId_0036,110.55600526322267,110.40808586924373,0,0.34219311902451943,32.3939480997472,0,24.20000076293945,06/05/2020 05:58,
CakebreadId_0036,112.19341645079226,112.1320327181528,0,0.3409983707148072,30.272331405052007,0,23.20000076293945,06/05/2020 06:22,
CakebreadId_0036,113.83082763836184,113.85597956706185,0,0.33980362240509493,28.150714710356816,0,26.79999923706055,06/05/2020 06:25,
CakebreadId_0036,115.46823882593141,115.5799264159709,0,0.33651563238139015,25.009307259463977,0,24.20000076293945,06/05/2020 06:48,
CakebreadId_0036,117.10565001350099,117.30387326487995,0,0.3332276423576854,21.86789980857114,0,23.20000076293945,06/05/2020 06:52,
CakebreadId_0036,118.74306120107057,119.027820113789,0,0.3299396523339807,18.726492357678296,0,26.5,06/05/2020 06:54,
CakebreadId_0036,120.38047238864014,120.75176696269806,0,0.3266516623102759,15.58508490678546,0,25.29999923706055,06/05/2020 07:18,
CakebreadId_0036,122.01788357620973,122.47571381160712,0,0.32336367228657115,12.44367745589262,0,24.899999618530273,06/05/2020 07:51,
CakebreadId_0036,123.6552947637793,124.19966066051617,0,0.3200756822628664,9.30227000499978,0,27.60000038146973,06/05/2020 07:54,
CakebreadId_0036,125.29270595134888,125.92360750942522,0,0.32210297810003413,10.921076522554499,0,25.899999618530273,06/05/2020 08:16,
CakebreadId_0036,126.93011713891846,127.64755435833428,0,0.3241302739372019,12.539883040109215,0,23.60000038146973,06/05/2020 08:19,
CakebreadId_0036,128.56752832648803,129.37150120724334,0,0.3261575697743696,14.158689557663934,0,25,06/05/2020 08:46,
CakebreadId_0036,130.2049395140576,131.09544805615238,0,0.3281848656115373,15.77749607521865,0,26.60000038146973,06/05/2020 08:50,
CakebreadId_0036,131.8423507016272,132.81939490506144,0,0.3302121614487051,17.396302592773367,0,25.5,06/05/2020 09:11,
CakebreadId_0036,133.47976188919677,134.54334175397048,0,0.3322394572858728,19.015109110328087,0,23.5,06/05/2020 09:15,
CakebreadId_0036,135.11717307676633,136.26728860287955,0,0.32457879216169794,16.5469540867208,0,26.5,06/05/2020 09:19,
CakebreadId_0036,136.75458426433593,137.9912354517886,0,0.3169181270375231,14.078799063113513,0,26.899999618530273,06/05/2020 09:35,
CakebreadId_0036,138.3919954519055,139.71518230069765,0,0.30925746191334824,11.610644039506226,0,23.10000038146973,06/05/2020 09:49,
CakebreadId_0036,140.02940663947507,141.4391291496067,0,0.30159679678917334,9.142489015898938,0,25.399999618530273,06/05/2020 10:08,
CakebreadId_0036,141.66681782704467,143.16307599851575,0,0.2939361316649985,6.6743339922916505,0,27.10000038146973,06/05/2020 10:14,
CakebreadId_0036,143.30422901461424,144.88702284742482,0,0.28627546654082364,4.206178968684364,0,26.20000076293945,06/05/2020 10:33,
CakebreadId_0036,144.9416402021838,146.61096969633388,0,0.26703865597939297,6.363923684756004,0,26.399999618530273,06/05/2020 10:38,
CakebreadId_0036,146.5790513897534,148.33491654524292,0,0.24780184541796227,8.521668400827643,0,27.899999618530273,06/05/2020 10:44,
CakebreadId_0036,148.21646257732297,150.05886339415198,0,0.22856503485653157,10.679413116899283,0,25.399999618530273,06/05/2020 11:04,
CakebreadId_0036,149.85387376489254,151.78281024306102,0,0.2093282242951009,12.837157832970922,0,26.899999618530273,06/05/2020 11:09,
CakebreadId_0036,151.49128495246214,153.5067570919701,0,0.1900914137336702,14.994902549042562,0,26.29999923706055,06/05/2020 11:33,
CakebreadId_0036,153.1286961400317,155.23070394087912,0,0.1708546031722395,17.1526472651142,0,27.20000076293945,06/05/2020 11:39,
CakebreadId_0036,154.76610732760128,156.9546507897882,0,0.1733804929928974,17.01705991005551,0,26.29999923706055,06/05/2020 12:03,
CakebreadId_0036,156.40351851517087,158.67859763869725,0,0.1759063828135553,16.881472554996826,0,27.29999923706055,06/05/2020 12:09,
CakebreadId_0036,158.04092970274044,160.4025444876063,0,0.1784322726342132,16.745885199938137,0,26.5,06/05/2020 12:33,
CakebreadId_0036,159.67834089031,162.12649133651536,0,0.18095816245487112,16.610297844879447,0,27.10000038146973,06/05/2020 12:39,
CakebreadId_0036,161.3157520778796,163.8504381854244,0,0.18348405227552902,16.47471048982076,0,25.79999923706055,06/05/2020 13:05,
CakebreadId_0036,162.95316326544918,165.57438503433346,0,0.18600994209618693,16.339123134762072,0,26.899999618530273,06/05/2020 13:39,
CakebreadId_0036,164.59057445301875,167.29833188324253,0,0.16482033002232951,17.077803056027268,0,26.399999618530273,06/05/2020 14:03,
CakebreadId_0036,166.22798564058834,169.02227873215156,0,0.14363071794847207,17.816482977292466,0,28,06/05/2020 14:19,
CakebreadId_0036,167.8653968281579,170.74622558106063,0,0.12244110587461465,18.55516289855766,0,27.70000076293945,06/05/2020 14:39,
CakebreadId_0036,169.50280801572748,172.47017242996967,0,0.10125149380075722,19.293842819822856,0,28.10000038146973,06/05/2020 15:09,
CakebreadId_0036,171.14021920329708,174.19411927887873,0,0.08006188172689979,20.032522741088055,0,27.70000076293945,06/05/2020 15:39,
CakebreadId_0036,172.77763039086665,175.91806612778777,0,0.058872269653042375,20.77120266235325,0,26.70000076293945,06/05/2020 16:03,
CakebreadId_0036,174.41504157843622,177.64201297669683,0,0.08637569479807708,19.577183112384006,0,27.20000076293945,06/05/2020 16:09,
CakebreadId_0036,176.05245276600579,179.3659598256059,0,0.11387911994311178,18.383163562414758,0,26.29999923706055,06/05/2020 16:33,
CakebreadId_0036,177.68986395357538,181.08990667451494,0,0.14138254508814646,17.189144012445514,0,25.399999618530273,06/05/2020 17:04,
CakebreadId_0036,179.32727514114495,182.813853523424,0,0.16888597023318117,15.995124462476266,0,27,06/05/2020 17:18,
CakebreadId_0036,180.96468632871452,184.53780037233304,0,0.19638939537821587,14.801104912507022,0,28.79999923706055,06/05/2020 17:33,
CakebreadId_0036,182.60209751628412,186.2617472212421,0,0.22389282052325055,13.607085362537775,0,28.29999923706055,06/05/2020 17:55,
CakebreadId_0036,184.2395087038537,187.98569407015117,0,0.23528827334187372,11.77025140297973,0,27.899999618530273,06/05/2020 19:39,
CakebreadId_0036,185.87691989142326,189.7096409190602,0,0.24668372616049686,9.933417443421684,0,27.70000076293945,06/05/2020 20:42,
CakebreadId_0036,187.51433107899285,191.43358776796927,0,0.25807917897912,8.096583483863636,0,26.20000076293945,06/05/2020 21:08,
CakebreadId_0036,189.15174226656242,193.1575346168783,0,0.26947463179774317,6.259749524305591,0,27.20000076293945,06/05/2020 21:15,
CakebreadId_0036,190.789153454132,194.88148146578737,0,0.2808700846163663,4.422915564747544,0,25.60000038146973,06/05/2020 21:34,
CakebreadId_0036,192.4265646417016,196.60542831469644,0,0.29226553743498945,2.5860816051894986,0,27.10000038146973,06/05/2020 21:39,
CakebreadId_0036,194.06397582927116,198.32937516360548,0,0.28668957993427313,3.7475193840791645,0,26.899999618530273,06/05/2020 22:03,
CakebreadId_0036,195.70138701684073,200.05332201251454,0,0.2811136224335568,4.9089571629688304,0,24.79999923706055,06/05/2020 22:07,
CakebreadId_0036,197.33879820441032,201.77726886142358,0,0.2755376649328405,6.070394941858497,0,27.399999618530273,06/05/2020 22:12,
CakebreadId_0036,198.9762093919799,203.50121571033264,0,0.2699617074321242,7.231832720748162,0,28,06/05/2020 22:22,
CakebreadId_0036,200.61362057954946,205.22516255924168,0,0.2643857499314079,8.39327049963783,0,28.10000038146973,06/05/2020 22:26,
CakebreadId_0036,202.25103176711906,206.94910940815075,0,0.2588097924306916,9.554708278527496,0,26.70000076293945,06/05/2020 22:38,
CakebreadId_0036,203.88844295468863,208.6730562570598,0,0.2640032415441044,8.501053092350244,0,28.60000038146973,06/05/2020 22:43,
CakebreadId_0036,205.5258541422582,210.39700310596885,0,0.2691966906575172,7.4473979061729905,0,28.70000076293945,06/05/2020 23:15,
CakebreadId_0036,207.1632653298278,212.12094995487791,0,0.27439013977093,6.393742719995737,0,28.20000076293945,06/05/2020 23:39,
