deviceid,TemperatureKmeansScore,TemperatureFFTScore,TemperatureSpectralScore,TemperatureGeneralizedScore,timestamp,Temperature
04714B60011A,0.7430413131273196,316.31308461271425,4.030952502204115,93493.83805942275,01/19/2020 20:11,,
04714B60011A,0.6621060823005817,113.73489749056884,3.60440833333173,13443.170501373572,01/19/2020 20:12,49.7,
04714B60011A,0.6276006427022707,763.2410269592408,3.508945177544266,94018.74959170667,01/19/2020 20:16,,
04714B60011A,0.5884430269974665,139.64528344141684,3.816970438116777,82443.6170556975,01/19/2020 20:17,49.2,
04714B60011A,0.5232700589460456,955.1915764863732,4.196631595814817,579163.7277843035,01/19/2020 20:21,,
04714B60011A,0.4638478663228793,83.8476807913366,4.366503862794376,13483.28519915151,01/19/2020 20:22,49.4,
04714B60011A,0.45739734101108004,565.5837054737738,4.067937667596469,95090.1940211487,01/19/2020 20:26,,
04714B60011A,0.4709269708941221,29.71275619778897,3.785084657138299,3444.3125781349754,01/19/2020 20:27,49.5,
04714B60011A,0.4710116662667371,183.70757064618175,3.5684649824024373,24372.29161290572,01/19/2020 20:31,,
04714B60011A,0.4613687860650133,67.70565371498691,3.024306922070558,13519.768572508243,01/19/2020 20:32,49.3,
04714B60011A,0.477371180690322,460.4769196665703,3.226026125466971,96145.26659226419,01/19/2020 20:36,,
04714B60011A,0.49458038164187157,30.245463143471426,4.181726617328885,3341.0055253399005,01/19/2020 20:37,49.2,
04714B60011A,0.5270261455216173,191.56393022499284,4.1463118548231614,23836.314138902228,01/19/2020 20:41,,
04714B60011A,0.5889590343979234,120.46999230277946,3.540500858288616,33.77395383968818,01/19/2020 20:42,49.2,
04714B60011A,0.6330394974989275,830.8893789657226,3.031043229633976,207.03987659829644,01/19/2020 20:46,,
04714B60011A,0.6932347625378222,140.20946931591388,2.815592665636699,51817.79598059795,01/19/2020 20:47,49.6,
04714B60011A,0.7152436186031487,972.5902081312358,2.8669755750582757,373203.97023074667,01/19/2020 20:51,,
04714B60011A,0.7170246773406328,156.41639038878057,3.116811496406018,80893.34673542262,01/19/2020 20:52,49.1,
04714B60011A,0.6711672609571645,1092.2803573726433,3.4845536420841325,585090.0813784604,01/19/2020 20:56,,
04714B60011A,0.6173546747063082,115.12276786027239,3.8741435592925018,51345.43929411602,01/19/2020 20:57,49.5,
04714B60011A,0.5717253023203287,796.6319931968541,4.173179913095955,372930.7956363961,01/19/2020 21:01,,
04714B60011A,0.5459918961987276,65.56839544665971,4.337043403760649,28889.81814972792,01/19/2020 21:02,49.2,
04714B60011A,0.6322909250508241,441.1754927601046,4.149633898940039,210707.70102646228,01/19/2020 21:06,,
04714B60011A,0.7100423118041027,55.72854631578947,3.5256490910333556,12689.7565323065,01/19/2020 21:07,49.4,
04714B60011A,0.755205843141147,375.5886501818533,3.3811193989178903,92928.50017720983,01/19/2020 21:11,,
04714B60011A,0.7686638652166315,33.438771359029545,3.724744924103257,70.26434933309866,01/19/2020 21:12,49.4,
04714B60011A,0.8034828092670332,224.0561016339663,3.8662669817231703,494.1589470778811,01/19/2020 21:16,,
04714B60011A,0.7945453143909109,46.4703727993964,3.9099437288749175,12618.389629671372,01/19/2020 21:17,49.6,
04714B60011A,0.707522982409391,324.97835692259457,3.877687757503779,93214.57513334962,01/19/2020 21:21,,
04714B60011A,0.5884293358332495,23.937022127113764,3.6583031889494637,3139.322316124145,01/19/2020 21:22,49.7,
04714B60011A,0.5164725902076706,163.588440028994,3.352346633661935,23280.420612144328,01/19/2020 21:26,,
04714B60011A,0.45942354037138433,34.00003813440436,3.1321039356880176,12631.235407247244,01/19/2020 21:27,49.5,
04714B60011A,0.4548657756824913,241.8024444901187,3.0028354929422996,94117.45199072035,01/19/2020 21:31,,
04714B60011A,0.4773669778762972,23.8859964115847,3.113970987486608,34.17361301005468,01/19/2020 21:32,49.5,
04714B60011A,0.4830755773439929,167.1438433203495,3.6369861040762332,238.49349268911612,01/19/2020 21:36,,
04714B60011A,0.5001746907612252,42.30482323765181,4.193603599779139,3829.2289399632805,01/19/2020 21:37,49.6,
04714B60011A,0.5966858534719662,300.60309871305805,4.424667446440731,28800.04133868245,01/19/2020 21:41,,
04714B60011A,0.6083224266150977,53.498918848515714,4.185702187808161,12357.962576646043,01/19/2020 21:42,49.4,
04714B60011A,0.5552612566028332,370.43040083385176,3.7274990128360486,91429.46787626825,01/19/2020 21:46,,
04714B60011A,0.5085138987265092,104.88335770675118,3.413251634624671,28018.81860545739,01/19/2020 21:47,49.7,
04714B60011A,0.5031993834248922,766.7480316848519,3.5870402878675973,212433.5431432179,01/19/2020 21:51,,
04714B60011A,0.5275688220146406,177.65818739092853,4.064285205191958,76757.46732415687,01/19/2020 21:52,49.2,
04714B60011A,0.6217432978526944,1321.2527071388815,4.279663016625636,584564.2411741186,01/19/2020 21:56,,
04714B60011A,0.7210879896233979,50.86208627213166,4.28000642533772,3118.9031815356384,01/19/2020 21:57,49.3,
04714B60011A,0.7486519018539636,352.23087942642314,4.2479419107372305,23824.459087959185,01/19/2020 22:01,,
04714B60011A,0.7881673545987173,84.99513124395651,4.216564333676487,12069.34954893471,01/19/2020 22:02,49.1,
04714B60011A,0.8478532470966261,611.3204798915299,4.185323428133614,92605.57448775646,01/19/2020 22:06,,
04714B60011A,0.8549942891057598,53.58132357188465,4.191584146243225,12147.665232675954,01/19/2020 22:07,48.9,
04714B60011A,0.7598435317101386,383.38883675359557,4.196014670603401,93699.2037059069,01/19/2020 22:11,,
04714B60011A,0.6892510233121758,49.134209444368956,4.167417655512502,27666.72647452847,01/19/2020 22:12,49.2,
04714B60011A,0.5917024081012888,354.48784850456775,4.166554429933527,214445.86276716742,01/19/2020 22:16,,
04714B60011A,0.49487241698314877,97.37240329221746,4.1710622101157,3180.393488510423,01/19/2020 22:17,49.1,
04714B60011A,0.5071807103099638,733.6895429409719,4.1329946675937865,24739.74366174174,01/19/2020 22:21,,
04714B60011A,0.5381951578839358,63.0216396738122,4.104342042564927,27134.343721448997,01/19/2020 22:22,48.8,
04714B60011A,0.5364261440267922,466.9822549699045,4.069983959154171,212203.980242797,01/19/2020 22:26,,
04714B60011A,0.558457629808973,76.67790581988872,3.768209295267332,3127.3301722630345,01/19/2020 22:27,48.9,
04714B60011A,0.5347964630023642,562.1027424061722,3.3363441308255917,24529.400027086976,01/19/2020 22:31,,
04714B60011A,0.522087945728188,114.38079155331145,2.902005531003196,12049.059690377366,01/19/2020 22:32,49.1,
04714B60011A,0.566008254318873,861.4956299898554,2.6267381065057003,95050.58923485863,01/19/2020 22:36,,
04714B60011A,0.6091371120955565,128.51922037048718,2.6367137756244743,74532.47152284505,01/19/2020 22:37,48.6,
04714B60011A,0.5913977737787135,977.8011447359936,2.957070958410703,590830.8584467215,01/19/2020 22:41,,
04714B60011A,0.5585915372147646,166.95335469890338,3.4885238509132543,47808.10889709496,01/19/2020 22:42,49,
04714B60011A,0.5428301902880555,1287.4987468428017,3.9728407943673627,380688.7910829144,01/19/2020 22:46,,
04714B60011A,0.560987216257036,95.93474324802956,4.127892252149824,3421.002000823415,01/19/2020 22:47,49.1,
04714B60011A,0.7789655640905334,725.5374047295196,3.849227598152515,27322.969506527428,01/19/2020 22:51,,
04714B60011A,0.9900654024819157,91.76768232927257,2.7581815939657464,26956.954173160055,01/19/2020 22:52,48.8,
04714B60011A,0.9455970401199323,654.8166722521048,1.5441883697676198,216559.64895191012,01/19/2020 22:56,,
04714B60011A,0.8610210564868318,314.6873894697387,0.6856248827251004,871.800081248048,01/19/2020 22:57,48.8,
04714B60011A,0.9084182133176966,2460.5935256910197,0.03314994860426346,6956.730098430193,01/19/2020 23:01,,
04714B60011A,0.9914352065453559,259.34565494871595,-0.5556685568413089,143094.95495233248,01/19/2020 23:02,49.5,
04714B60011A,1.000397915877747,1986.1389253991138,-0.9351860445709583,1160480.1050050498,01/19/2020 23:06,,
04714B60011A,1.0319191410973683,662.430503120499,-1.0112206671746833,105158.62372152769,01/19/2020 23:07,48.9,
04714B60011A,1.0425133190257634,5260.78030448326,-0.7443540128358146,856696.467300357,01/19/2020 23:11,,
04714B60011A,1.0612517462585263,275.87334340682986,-0.13069482451530856,72191.92309171395,01/19/2020 23:12,48.4,
04714B60011A,1.0960888393241897,2116.620981085777,0.3918172599415968,590817.7776402785,01/19/2020 23:16,,
04714B60011A,1.140088398506466,248.1855167358484,0.7982745432591112,142741.3168715496,01/19/2020 23:17,49.1,
04714B60011A,1.2009383699081795,1906.0195520861844,1.818502800462217,1173776.6287421633,01/19/2020 23:21,,
04714B60011A,1.2260300871114658,283.1589757303809,3.1855982971720325,71962.00915696361,01/19/2020 23:22,48.6,
04714B60011A,1.1200903263910147,2234.10655660092,3.84656403874387,594474.5115480236,01/19/2020 23:26,,
04714B60011A,1.0587249736701765,61.47862417244898,3.7886704235802484,3011.226006969301,01/19/2020 23:27,48.5,
04714B60011A,1.0647341367906604,425.0996564831874,3.78531035367649,24904.41911835956,01/19/2020 23:31,,
04714B60011A,1.0547443197248372,47.90069193084674,3.78946158160001,11242.091020490041,01/19/2020 23:32,48.3,
04714B60011A,0.9402701592817893,328.83622724902915,3.799824395466175,93689.33787523984,01/19/2020 23:36,,
04714B60011A,0.7526361868203809,67.35257734063599,3.5232565420416453,25715.599304226005,01/19/2020 23:37,48.6,
04714B60011A,0.694129525117056,525.85329388553,2.242884256708268,215444.91770474473,01/19/2020 23:41,,
04714B60011A,0.6530369942776003,11.05944484648968,0.8217562756852894,35.43735768752361,01/19/2020 23:42,48.6,
04714B60011A,0.6459314564512068,69.7823453929948,1.9232138911291852,273.0421160675453,01/19/2020 23:46,,
04714B60011A,0.6399551591519139,31.91729119901818,2.8802760599864454,67.09202200922118,01/19/2020 23:47,48.6,
04714B60011A,0.5740324688882937,247.66026023420437,3.2397485647779263,545.8348982579446,01/19/2020 23:51,,
04714B60011A,0.49962496129881256,27.679908698678645,3.406801979842326,11098.295752833154,01/19/2020 23:52,48.4,
04714B60011A,0.4476315225016951,207.8148865590579,3.6021224178055666,94305.83695363272,01/19/2020 23:56,,
04714B60011A,0.3955959156134142,41.91240735192151,3.7013855511535656,2958.066574821808,01/19/2020 23:57,48.5,
04714B60011A,0.40413335567733727,338.2412715999158,3.6816455797977072,25243.855031375722,01/20/2020 00:01,,
04714B60011A,0.4589753957553115,58.84221655285623,3.605383143312843,24826.468555408148,01/20/2020 00:02,48.2,
04714B60011A,0.46836263497995134,476.1987065733276,3.5770963179529818,213030.06032637873,01/20/2020 00:06,,
04714B60011A,0.49222469694854254,44.27995098988818,3.5687225960519626,2851.0920474046616,01/20/2020 00:07,48.3,
04714B60011A,0.5392526265329696,348.71361101664735,3.431070628295405,24553.108622957505,01/20/2020 00:11,,
04714B60011A,0.585688366301723,50.885546794595335,3.3728941932684386,24729.361418301323,01/20/2020 00:12,48,
04714B60011A,0.6278529621312324,405.0831979978974,3.4744649914305077,214250.59222573086,01/20/2020 00:16,,
04714B60011A,0.670462078745809,89.56215764290103,3.6223627994537857,24712.501581840163,01/20/2020 00:17,48.3,
04714B60011A,0.6758779065116594,746.9548005343462,3.5895262671558044,215139.62869713063,01/20/2020 00:21,,
04714B60011A,0.6669583427319284,32.65502326226551,3.2024067984709004,2823.200875460665,01/20/2020 00:22,48.4,
04714B60011A,0.7132361340488058,257.53646694759146,2.623211556752591,24675.48465403218,01/20/2020 00:26,,
04714B60011A,0.7088188226534423,50.78845137822823,2.298706592466795,11166.864252598043,01/20/2020 00:27,48.2,
04714B60011A,0.7246775502397452,412.15191867893674,3.2661405562548484,98155.9636220292,01/20/2020 00:31,,
04714B60011A,0.6523659750632527,42.0163974778343,3.4950775527488274,77.54201505078605,01/20/2020 00:32,48.2,
04714B60011A,0.6728349953604525,325.33570166395094,2.806522400481991,638.3353843450063,01/20/2020 00:36,,
04714B60011A,0.7392883938928185,102.87135338602256,2.081811275278163,10653.350505690298,01/20/2020 00:37,48,
04714B60011A,0.777145144731699,860.4952114567766,1.7078500793008424,94550.41612223577,01/20/2020 00:41,,
04714B60011A,0.7236682298612708,130.58258752599642,1.7521693802062037,67187.15006085945,01/20/2020 00:42,48.5,
04714B60011A,0.7012625027472956,1114.2103196474304,2.236898428084542,599534.5905886675,01/20/2020 00:46,,
04714B60011A,0.6874810862538849,152.9135325544015,2.881247021069604,66461.09131973144,01/20/2020 00:47,48,
04714B60011A,0.6942138687633815,1317.8871601737155,3.254987956260814,596001.4764386523,01/20/2020 00:51,,
04714B60011A,0.7116761673914462,46.35522748028143,3.3951343993642387,10724.44096196627,01/20/2020 00:52,48.2,
04714B60011A,0.7343779457022799,355.8930065022942,3.432499034964994,96604.5105003484,01/20/2020 00:56,,
04714B60011A,0.7448022880209034,84.7651053389912,3.3173329348408864,10654.291845367079,01/20/2020 00:57,48,
04714B60011A,0.6424675336888218,712.6732834690554,3.166127906357729,96457.96115391258,01/20/2020 01:01,,
04714B60011A,0.4777985337441009,29.814146314353522,3.25663646682539,10543.718855334537,01/20/2020 01:02,47.8,
04714B60011A,0.4979571693289737,221.1416092700617,3.2752892878801365,95942.33624870621,01/20/2020 01:06,,
04714B60011A,0.5479022643480002,78.97039597183205,3.0519251934990006,2756.040076611279,01/20/2020 01:07,47.9,
04714B60011A,0.5549713781484663,677.4093331315165,2.903812578668771,25173.996503965143,01/20/2020 01:11,,
04714B60011A,0.5501481602229514,66.08396660138834,2.889111975110433,23460.58461064927,01/20/2020 01:12,48.2,
04714B60011A,0.553771129488015,567.110752004883,3.016483483629079,215731.32769966367,01/20/2020 01:16,,
04714B60011A,0.5454750428022411,82.39507839654182,3.2403732434495502,41873.64329918418,01/20/2020 01:17,47.8,
04714B60011A,0.5025418424094925,724.300944483655,3.2482902603856725,387053.5641919577,01/20/2020 01:21,,
04714B60011A,0.4476975388640497,39.73902996754684,2.2826497501138956,2614.6303566179754,01/20/2020 01:22,47.9,
04714B60011A,0.4278827695448456,332.8289194718259,0.5599942701695957,24250.94459726384,01/20/2020 01:26,,
04714B60011A,0.42110409924924913,22.08772016029262,-0.4163415322231909,2607.263838916636,01/20/2020 01:27,48,
04714B60011A,0.426865681444822,172.06028139602978,-1.3898836487418613,24316.600259490388,01/20/2020 01:31,,
04714B60011A,0.4142367975934751,12.609460556845528,-2.2726979179881868,2541.7564850853864,01/20/2020 01:32,48.1,
04714B60011A,0.38205297230644836,91.57642957539717,-1.6516082630789706,23832.444177971054,01/20/2020 01:36,,
04714B60011A,0.3164048321263498,7.924408533167421,0.8000840713711153,24.241845315880347,01/20/2020 01:37,48.1,
04714B60011A,0.2873505845245269,53.41680140935517,2.1997969001874935,206.91702695544117,01/20/2020 01:41,,
04714B60011A,0.2704296095011735,15.160478734636982,2.6097818220740523,2546.517685414141,01/20/2020 01:42,48.2,
04714B60011A,0.276175287205595,124.26081037124429,2.3885823454980115,24135.811686196485,01/20/2020 01:46,,
04714B60011A,0.2917579181429805,34.15974170919087,1.7578172658765707,10071.681555037994,01/20/2020 01:47,48,
04714B60011A,0.40488225769519437,308.7092877311555,2.0932015957596843,96021.25420091314,01/20/2020 01:51,,
04714B60011A,0.5195472402084754,9.566809793465858,2.7681123076720615,54.1963884867565,01/20/2020 01:52,48,
04714B60011A,0.5775613912748225,64.21339087817437,3.1333989259528523,492.32206363769666,01/20/2020 01:56,,
04714B60011A,0.6207343179098966,45.15385317965453,3.2620032689494947,49.15986815839582,01/20/2020 01:57,48,
04714B60011A,0.6200192635881011,408.0420614689213,3.2268154373338755,447.18775807454136,01/20/2020 02:01,,
04714B60011A,0.6076023083370531,36.10248505692047,3.0820711053181418,22310.102864712077,01/20/2020 02:02,47.7,
04714B60011A,0.6163666699400556,322.6029564375452,2.6190890123003694,216101.93182625048,01/20/2020 02:06,,
04714B60011A,0.6311637918793692,29.17746159810494,1.3538406158345717,2587.7195526529495,01/20/2020 02:07,47.8,
04714B60011A,0.6973902877274767,258.8700870764902,-0.015161277392317984,25174.078058017214,01/20/2020 02:11,,
04714B60011A,0.7478050102793573,9.79069195177259,0.8838267758429423,2587.9556624669326,01/20/2020 02:12,47.9,
04714B60011A,0.6681450080790609,66.61216494163138,1.9197770959829947,25310.572002127232,01/20/2020 02:16,,
04714B60011A,0.5929212064081414,29.458578310018012,2.4836221156960945,83.45737028320595,01/20/2020 02:17,47.9,
04714B60011A,0.6096118167835602,259.0500469751369,2.864624864811911,790.2331635022083,01/20/2020 02:21,,
04714B60011A,0.6466926764289976,35.914822429645554,3.0518763344571935,9860.185442866476,01/20/2020 02:22,47.7,
04714B60011A,0.6726104657574188,323.06085439091964,3.1008415204762176,97554.52042171094,01/20/2020 02:26,,
04714B60011A,0.6901625685970686,38.59883634935247,3.1282181064947405,2441.846979149335,01/20/2020 02:27,47.6,
04714B60011A,0.6687821126484527,352.19525269436224,3.1491508857805117,24266.878028500043,01/20/2020 02:31,,
04714B60011A,0.638394036425888,51.49021312965315,3.0459963705628903,21770.463784582607,01/20/2020 02:32,47.9,
04714B60011A,0.6277246202275718,483.5660468645426,2.56620659867649,217780.92294435302,01/20/2020 02:36,,
04714B60011A,0.6393723206976348,17.254429734212913,1.281562401984293,74.91233216824278,01/20/2020 02:37,47.9,
04714B60011A,0.7450534592698811,144.3507024865104,0.7615134815804647,724.0632566207807,01/20/2020 02:41,,
04714B60011A,0.7537334306839222,8.680520851881486,2.068010984355307,2489.651789492608,01/20/2020 02:42,47.8,
04714B60011A,0.6269223854094889,56.8638629898782,2.6434033336715146,25152.657587732418,01/20/2020 02:46,,
04714B60011A,0.4755078736801942,41.711582185681976,2.8557191949511838,2388.1283315273245,01/20/2020 02:47,47.9,
04714B60011A,0.4549081638577591,397.64532625048156,2.874180885845061,24261.11511316937,01/20/2020 02:51,,
04714B60011A,0.46566767267764103,20.83009055854044,2.5985815924690483,9410.116853446418,01/20/2020 02:52,48.1,
04714B60011A,0.4748114189441934,188.67388293519602,2.4654799221016783,96215.9155953209,01/20/2020 02:56,,
04714B60011A,0.49474381732418693,25.64800162507172,2.685214166688735,2626.3071571100245,01/20/2020 02:57,48,
04714B60011A,0.65962500423316,239.5995362766413,3.0939642008195856,26985.4423154283,01/20/2020 03:01,,
04714B60011A,0.834023913370592,44.29097611360574,3.476345198787315,9372.396803983529,01/20/2020 03:02,48.2,
04714B60011A,0.9381414029365314,416.0689191679622,3.58381300855077,96886.39608177278,01/20/2020 03:06,,
04714B60011A,0.6993002884199137,81.24781347656898,3.396174897185799,283.18084797935796,01/20/2020 03:07,48.2,
04714B60011A,0.48433439963180064,791.9262249737151,3.457042727874195,2889.592041664486,01/20/2020 03:11,,
04714B60011A,0.3684111918605372,154.4412094301344,3.779788078633037,36776.33590633102,01/20/2020 03:12,48.6,
04714B60011A,0.4304965242754133,1553.4429478949746,3.9754854805878908,384575.03013787203,01/20/2020 03:16,,
04714B60011A,0.6071578521871593,64.9028651179815,3.8531077261328663,9052.024405822933,01/20/2020 03:17,48.8,
04714B60011A,0.8182381994049437,623.1284074688855,3.682533071473295,95151.55038306631,01/20/2020 03:21,,
04714B60011A,1.0334659994787236,28.86077732295628,3.4495267148115305,8978.852648254539,01/20/2020 03:22,49,
04714B60011A,1.0246928265653104,248.4309209559942,3.07744404035901,94923.15008641519,01/20/2020 03:26,,
04714B60011A,0.6988133768891984,20.927430433647455,3.5280039772608305,2354.747088103786,01/20/2020 03:27,48.9,
04714B60011A,0.5303905022405152,175.23647906544326,3.9038875000318147,24997.565746264685,01/20/2020 03:31,,
04714B60011A,0.397483677415695,44.17803286783171,4.090699974430194,9136.866796412614,01/20/2020 03:32,49.1,
04714B60011A,0.5546093786835906,443.50092076876354,4.0603802021221105,97733.04190127146,01/20/2020 03:36,,
04714B60011A,0.7604510952880108,44.41314613438071,3.546106339257672,9499.586487400842,01/20/2020 03:37,48.9,
04714B60011A,0.9666800649897284,417.90624021158806,2.9493694489749513,102173.51124536601,01/20/2020 03:41,,
04714B60011A,0.9506252089835335,153.94317034527643,2.5402920756945293,2678.2916086543655,01/20/2020 03:42,48.8,
04714B60011A,0.8274341067895865,1593.8277523362713,2.7575859466786667,28911.115258203918,01/20/2020 03:46,,
04714B60011A,0.7371694444146211,240.91413614858092,3.5976459882576677,80469.97431458553,01/20/2020 03:47,49.4,
04714B60011A,0.6147207686434342,2529.9947173368882,4.270200746803794,876038.0710866238,01/20/2020 03:51,,
04714B60011A,0.5652678252715421,74.34944603696876,4.437847850452446,2521.231873814605,01/20/2020 03:52,49.5,
04714B60011A,0.757084932575154,718.0605465223177,4.4638959210560945,27513.65908362016,01/20/2020 03:56,,
04714B60011A,1.015173908171323,56.558656865070446,4.478432259602748,18697.10411702111,01/20/2020 03:57,49.8,
04714B60011A,1.0944266564617537,527.5922910415857,4.443308220359384,203879.1945404151,01/20/2020 04:01,,
04714B60011A,0.922300983910914,37.44662245140827,4.249940793504894,9635.164664923204,01/20/2020 04:02,49.6,
04714B60011A,0.9867716686223662,332.79189608575564,4.2588729110309975,102688.68183771781,01/20/2020 04:06,,
04714B60011A,0.8341621511669153,138.2092663929111,4.451101982335376,19633.482048150487,01/20/2020 04:07,49.9,
04714B60011A,0.6461829449038055,1493.0725407252826,4.594643543055415,218740.21170827234,01/20/2020 04:11,,
04714B60011A,0.49102024511931136,56.98552497312756,4.2045004709021105,19383.211194414394,01/20/2020 04:12,50.2,
04714B60011A,0.4185924130488632,594.751481703653,4.121773430098672,217323.00866742962,01/20/2020 04:16,,
04714B60011A,0.4831170367263926,19.50759087820026,4.549801223308963,263.19390915171687,01/20/2020 04:17,50.2,
04714B60011A,0.6679595389569475,162.45367853759257,4.633304673787306,2906.597048516737,01/20/2020 04:21,,
04714B60011A,0.8692160926552679,75.09956133404846,4.45894570870402,154.14607746563544,01/20/2020 04:22,50.2,
04714B60011A,0.9219815592071748,794.4149434651985,4.389835623320952,1689.6145647268509,01/20/2020 04:26,,
04714B60011A,0.8101120160972378,133.32309394921262,4.514658015604724,33990.35839584553,01/20/2020 04:27,50.6,
04714B60011A,0.8771061672072489,1474.1457759828068,4.622478554274102,388087.16953834565,01/20/2020 04:31,,
04714B60011A,0.9704053526565211,37.25214648041752,4.6808037177157304,8438.955337323783,01/20/2020 04:32,50.8,
04714B60011A,0.9257176184678357,378.6146361321013,4.67690844396392,96904.94237279845,01/20/2020 04:36,,
04714B60011A,0.707714017941738,55.41867994962109,4.651826022726287,9337.223934919139,01/20/2020 04:37,50.6,
04714B60011A,0.6405856028209258,585.214497775162,4.5083337112856645,107871.31248175146,01/20/2020 04:41,,
04714B60011A,0.7685534408028003,131.17795126602687,4.200032852335914,18969.80614932105,01/20/2020 04:42,50.9,
04714B60011A,1.004616828255253,1414.4509361875057,3.6739186156039056,220520.60050892696,01/20/2020 04:46,,
04714B60011A,1.2245421823805867,225.42521814429193,3.23808650391536,8405.60697582912,01/20/2020 04:47,51.1,
04714B60011A,1.1939345939293236,2529.253922579128,3.3669805583896446,98262.92574886717,01/20/2020 04:51,,
04714B60011A,1.0370106452623837,187.07097267689005,4.079941642408177,73976.30976918388,01/20/2020 04:52,51.7,
04714B60011A,0.8982479095317142,2080.9921862853353,4.509560370928669,871012.239938299,01/20/2020 04:56,,
04714B60011A,0.838714531910351,59.258738194740765,4.5272751492770515,183.78216189122168,01/20/2020 04:57,51.7,
04714B60011A,0.9718508092157565,592.8255270880459,4.444413200452049,2066.741334641677,01/20/2020 05:01,,
04714B60011A,0.6534041538469342,77.28566367800657,4.2171302254511005,18262.12337575731,01/20/2020 05:02,52,
04714B60011A,0.550783226433979,827.524084401447,3.9005178027934835,217669.68969626323,01/20/2020 05:06,,
04714B60011A,0.646841063235293,33.636196207672505,4.1329925933442855,2036.1397387504596,01/20/2020 05:07,52.1,
04714B60011A,0.7830960130918294,329.4876416318172,4.352287285740919,24349.68912934945,01/20/2020 05:11,,
04714B60011A,0.9139089728418021,35.86780836951019,4.387990713521164,8073.28386240655,01/20/2020 05:12,52.3,
04714B60011A,1.0149513752852881,391.1885654026369,4.407526780310096,97455.59595514384,01/20/2020 05:16,,
04714B60011A,0.9998960682924631,41.4137057116932,4.411945559895082,18772.016232121066,01/20/2020 05:17,52,
04714B60011A,0.953522040556366,460.00356866448817,4.393836934032027,228100.618193496,01/20/2020 05:21,,
04714B60011A,0.8153613450095994,81.77321227944867,4.27729282628134,2209.683438635571,01/20/2020 05:22,52.1,
04714B60011A,0.7060459003880524,920.9401704538551,4.0659525247751755,26952.095796234695,01/20/2020 05:26,,
04714B60011A,0.6561672036055525,189.61159198404954,3.9108313782314634,18628.063311247766,01/20/2020 05:27,52.4,
04714B60011A,0.8343815478952228,2250.467375459026,3.5443768630744854,229255.86974187492,01/20/2020 05:31,,
04714B60011A,1.0500965282589823,82.88818993859968,2.6333768933600603,31832.903926081075,01/20/2020 05:32,52.8,
04714B60011A,1.105216906516112,840.4424605899179,1.3981223005789598,394276.209368972,01/20/2020 05:36,,
04714B60011A,1.1734961444725358,274.8716367969675,0.6641957032017389,368.8519818874428,01/20/2020 05:37,52.8,
04714B60011A,1.236710403689161,3249.6398930546816,0.5594401348395257,4417.268637355065,01/20/2020 05:41,,
04714B60011A,1.2464017133251846,189.98188999569092,0.9369820833803533,126626.29968432405,01/20/2020 05:42,52,
04714B60011A,1.2793581904697098,2205.565546985925,1.900816985593849,1589596.7568455164,01/20/2020 05:46,,
04714B60011A,1.3104970835896539,313.60896635575176,2.991195124632526,48918.60662086871,01/20/2020 05:47,52.5,
04714B60011A,1.1963128879050817,3759.0443131738944,3.6172592445618794,618007.8882482984,01/20/2020 05:51,,
04714B60011A,1.0860372228870732,140.53111801290538,3.9044564105829833,17509.863810107243,01/20/2020 05:52,52.8,
04714B60011A,0.9694385602281895,1572.4840812127186,3.9676905454935394,222549.7675002772,01/20/2020 05:56,,
04714B60011A,0.8758215858731891,89.10970743398416,3.8644033148317933,17080.184772116565,01/20/2020 05:57,53.1,
04714B60011A,0.7981404720539681,964.0065694516817,3.7291871537663157,218569.69789268053,01/20/2020 06:01,,
04714B60011A,0.7152060206275173,29.385894146022288,3.5083871842559935,7523.845132941452,01/20/2020 06:02,53.3,
04714B60011A,0.835042586833444,266.73271054438095,3.37555700079169,96885.66541751163,01/20/2020 06:06,,
04714B60011A,0.9466017360747279,43.99453683177454,3.3688787169200904,8015.800448892356,01/20/2020 06:07,53.1,
04714B60011A,0.961940522909782,509.1318650264123,3.6021036095535,103986.2688780022,01/20/2020 06:11,,
04714B60011A,0.8207703024310374,27.235571223110004,3.862860383911559,2241.815504072681,01/20/2020 06:12,53,
04714B60011A,0.6610028498594452,281.31130365728137,3.733485712479398,29222.832401660828,01/20/2020 06:16,,
04714B60011A,0.5568127971127542,135.06653016378462,3.5118792471282205,7681.9918962471675,01/20/2020 06:17,53.2,
04714B60011A,0.5823217604269969,1683.002382275691,3.408299407675723,100995.58581528986,01/20/2020 06:21,,
04714B60011A,0.7171829069908849,132.1200707422211,3.451057534042297,30035.250995947255,01/20/2020 06:22,53.6,
04714B60011A,0.9383191679313436,1631.2560726189852,3.4077481990339966,397848.21551568486,01/20/2020 06:26,,
04714B60011A,1.0938378408839524,81.46896953088931,3.2751095797782583,7340.606959708004,01/20/2020 06:27,53.8,
04714B60011A,0.8584626842728936,978.9166394075937,3.0439301266137906,97408.40339463958,01/20/2020 06:31,,
04714B60011A,0.6418158909625256,58.5325574635641,2.435015673841998,16508.269808630994,01/20/2020 06:32,54.1,
04714B60011A,0.6231789895869818,689.4779180864612,2.0763408849714144,221692.02388371367,01/20/2020 06:36,,
04714B60011A,0.7200908219468667,24.553922881704903,2.986681758536717,69.47601738261508,01/20/2020 06:37,54.1,
04714B60011A,0.8235141753901964,210.22110327304043,2.9196425021629384,810.4664226200878,01/20/2020 06:41,,
04714B60011A,0.8491907115353036,82.50506264232803,2.469466708466637,1952.1176952451005,01/20/2020 06:42,54.2,
04714B60011A,0.9407550362593905,1028.4323881378432,2.1163364968752223,26499.46221704154,01/20/2020 06:46,,
04714B60011A,0.8687110320163612,74.32858454726595,1.9858457645083192,45713.658486322165,01/20/2020 06:47,53.7,
04714B60011A,0.8143283855981072,907.14809609906,2.2450531900876536,627154.1715083767,01/20/2020 06:51,,
04714B60011A,0.7687222073536946,194.00565902608363,2.627204644073026,28595.723521386793,01/20/2020 06:52,54.1,
04714B60011A,0.7615064116198682,2545.608263795735,2.8256208352055374,395021.67386717733,01/20/2020 06:56,,
04714B60011A,0.7839610737899029,94.63908195665442,2.76086654549763,17043.410845072314,01/20/2020 06:57,54.4,
04714B60011A,0.7793923637299972,1168.8658421334303,2.3138460126682125,237070.58454500465,01/20/2020 07:01,,
04714B60011A,0.817420874270116,48.65125081737722,2.235524089130753,7444.079783275516,01/20/2020 07:02,54.6,
04714B60011A,0.9644158320493339,526.8808689268899,2.577761549832985,99742.75585129412,01/20/2020 07:06,,
04714B60011A,1.1149517840667722,49.485025423088075,2.437364681955451,1990.2341030246168,01/20/2020 07:07,54.7,
04714B60011A,1.077083133463069,574.7686962587237,1.954653759288571,27964.87003960164,01/20/2020 07:11,,
04714B60011A,0.9586980032260894,70.2131313961089,1.2675952662194527,16403.392542857066,01/20/2020 07:12,54.4,
04714B60011A,1.0452734212180566,854.906996948882,1.0505700958004023,233211.494186209,01/20/2020 07:16,,
04714B60011A,1.1798114873073795,268.6857922149864,1.2586133910911075,43226.28986579544,01/20/2020 07:17,54.9,
04714B60011A,1.4231067491368086,3681.0099995235637,1.5410330683208397,619312.4235841018,01/20/2020 07:21,,
04714B60011A,1.655626440416802,124.8299199978683,1.7616424837734526,27260.156651899466,01/20/2020 07:22,55.3,
04714B60011A,1.7295419357630122,1615.9863470924458,1.4812739963635546,393384.0437273917,01/20/2020 07:26,,
04714B60011A,1.7563102714595085,62.97002732830248,1.0186501842188127,6657.280086407632,01/20/2020 07:27,55.5,
04714B60011A,1.658086630065212,727.4084942509795,0.21285635756250176,96646.9808734939,01/20/2020 07:31,,
04714B60011A,1.3069704146550898,38.037385188724436,-0.6621863997081325,6723.540624676634,01/20/2020 07:32,55.7,
04714B60011A,0.9863249674637714,406.71836514841453,-1.275296881240238,98368.05306822417,01/20/2020 07:36,,
04714B60011A,0.6642863015482474,16.048340282045015,-0.8469873151801863,1682.2026863753892,01/20/2020 07:37,55.8,
04714B60011A,0.5232710056660292,127.6460982836893,0.3878148211337331,24720.44869621596,01/20/2020 07:41,,
04714B60011A,0.4418174471756695,31.926996281604776,1.011451514994505,1838.361044830186,01/20/2020 07:42,55.7,
04714B60011A,0.5309221940618621,389.0531330127606,1.2459953835998632,27264.240935627433,01/20/2020 07:46,,
04714B60011A,0.6494296687595733,28.19687737729686,1.2861496894860172,6799.982045768462,01/20/2020 07:47,55.5,
04714B60011A,0.8066944724160403,327.4217608987656,1.2036388119154533,101855.4288935847,01/20/2020 07:51,,
04714B60011A,0.950059570483181,87.33429171350049,0.9934595253487077,14865.171577222714,01/20/2020 07:52,55.8,
04714B60011A,1.0662000077720164,1213.9464709142935,0.6069245097124121,224488.1223996585,01/20/2020 07:56,,
04714B60011A,1.045846052226416,48.76707730086823,0.09184956532435784,6628.538588080541,01/20/2020 07:57,56,
04714B60011A,0.9870660691397539,625.0207574494466,0.2734565222890941,100809.21237299395,01/20/2020 08:01,,
04714B60011A,0.9362036611724376,35.37249349421897,0.6740703881356485,1620.8037509796739,01/20/2020 08:02,56.1,
04714B60011A,0.7797116627599391,391.32768594064294,0.44587705642067554,24723.609762844746,01/20/2020 08:06,,
04714B60011A,0.5779667370463933,69.53042877572005,0.21522741907139764,6444.441551129081,01/20/2020 08:07,56.3,
04714B60011A,0.5425521950795616,937.4797150593051,0.28143780283696973,99532.1276165841,01/20/2020 08:11,,
04714B60011A,0.5676694091999087,77.41786105143268,0.5525000565338605,40070.831744764866,01/20/2020 08:12,55.8,
04714B60011A,0.5840196218904403,1076.5956659532599,0.7890415116917042,624554.7206339318,01/20/2020 08:16,,
04714B60011A,0.5911234204100919,46.255744821945896,0.8935815293139626,14372.033667511367,01/20/2020 08:17,56.1,
04714B60011A,0.6003303725310634,599.0160874692615,0.9217082178444111,225715.0814277447,01/20/2020 08:21,,
04714B60011A,0.6107633952528405,39.309565593818306,0.8272243104154802,14322.475765053845,01/20/2020 08:22,55.8,
04714B60011A,0.6283011690040978,493.403611608305,0.4964163392310441,226753.1035722567,01/20/2020 08:26,,
04714B60011A,0.6574373219020357,40.14787300218596,0.5031348138800853,6299.644652982729,01/20/2020 08:27,56,
04714B60011A,0.7575950396813147,479.4942866199471,0.7262297806228757,100433.13872449938,01/20/2020 08:31,,
04714B60011A,0.8379279558096694,56.634697355243055,0.6244623464223507,109.95908151089118,01/20/2020 08:32,56,
04714B60011A,0.9724403799311255,770.0345049351347,0.48196240200041274,1629.5918504646065,01/20/2020 08:36,,
04714B60011A,1.0912195802776001,81.43802450866164,0.22220441327189988,24467.938810227723,01/20/2020 08:37,56.4,
04714B60011A,1.1429066037033906,1180.3173730928834,-0.8192376174292004,397033.8267235478,01/20/2020 08:41,,
04714B60011A,0.9567367696438984,20.85033197626646,-3.0483262386743792,1498.4353949660501,01/20/2020 08:42,56.5,
04714B60011A,0.8193778079061805,216.36310772792902,-4.592980479768276,24399.072080628535,01/20/2020 08:46,,
04714B60011A,0.6875312210852451,12.924025458650888,-4.648529359562282,1478.8020875348116,01/20/2020 08:47,56.6,
04714B60011A,0.511042897562539,92.35976440970542,-5.525343295855363,24285.646901258748,01/20/2020 08:51,,
04714B60011A,0.2708211049493825,10.862822805089753,-5.235057226150344,1525.8436782033928,01/20/2020 08:52,56.5,
04714B60011A,0.24365984812480324,78.0652107872304,-4.260072343385021,25283.46969760438,01/20/2020 08:56,,
04714B60011A,0.26175579658596476,9.99189901306363,-3.3596557532316833,1507.5627836833396,01/20/2020 08:57,56.6,
04714B60011A,0.30101444255005316,83.83157019514074,-2.547928063096749,25218.305173179186,01/20/2020 09:01,,
04714B60011A,0.3382886177983233,15.347590658441863,-1.949208443605289,1509.0304566394911,01/20/2020 09:02,56.5,
04714B60011A,0.34475662758218095,169.02629403551043,-1.6113969462484814,25453.344228909526,01/20/2020 09:06,,
04714B60011A,0.34014641339254287,14.12575507364076,-1.5646386478362029,1491.4140906463301,01/20/2020 09:07,56.4,
04714B60011A,0.36160927109223834,148.05866730001674,-2.0125154843992146,25368.877524724165,01/20/2020 09:11,,
04714B60011A,0.3827146549649754,20.31327563282975,-3.4516910530255895,5899.234321158435,01/20/2020 09:12,56.6,
04714B60011A,0.34748173728003684,257.36154859018546,-5.76968607612792,101499.13162342411,01/20/2020 09:16,,
04714B60011A,0.3090604404460973,8.821896629510208,-5.326326766142561,20.379101356271796,01/20/2020 09:17,56.6,
04714B60011A,0.3254077963418762,54.66448512706622,-2.6001761658634255,254.9329760330218,01/20/2020 09:21,,
04714B60011A,0.3571431891887812,17.119189118078516,-1.2410071529252784,9.336992026467648,01/20/2020 09:22,56.6,
04714B60011A,0.36358748853329914,197.98320801415633,-0.8195815504861574,62.15749719780164,01/20/2020 09:26,,
04714B60011A,0.3687230642127119,18.54919222000726,-0.7830806263503582,5674.630144937467,01/20/2020 09:27,56.4,
04714B60011A,0.37461924887862247,230.1072268404555,-0.702604909913485,100231.95369867432,01/20/2020 09:31,,
04714B60011A,0.39068228161935564,15.42894901575989,-0.6024761393082807,5715.613877616191,01/20/2020 09:32,56.6,
04714B60011A,0.406135279104698,172.546410103513,-0.7431284429207725,101857.86003623996,01/20/2020 09:36,,
04714B60011A,0.42302697792215066,32.67198231082718,-0.9837145891887973,1410.9273802932212,01/20/2020 09:37,56.5,
04714B60011A,0.5138292019592536,484.30097946780717,-1.2443052369009289,25285.14579124689,01/20/2020 09:41,,
04714B60011A,0.6135199289142337,23.58348644568216,-1.7764967735671089,5544.505807029394,01/20/2020 09:42,56.3,
04714B60011A,0.6440088753048547,317.20097909008825,-1.4615139536119521,100597.79395486502,01/20/2020 09:46,,
04714B60011A,0.6661613607394923,22.596419483799043,-0.24897245917307487,35.465759711070696,01/20/2020 09:47,56.3,
04714B60011A,0.7599997131104853,287.12982055813313,0.42042376355902444,511.49159503666203,01/20/2020 09:51,,
04714B60011A,0.8685353011274544,39.18771485622181,0.5024007414559621,5469.972946553885,01/20/2020 09:52,56.1,
04714B60011A,0.8771279946539468,587.674311816699,0.33371452754631026,101057.21870102863,01/20/2020 09:56,,
04714B60011A,0.889574853032162,50.758825489098214,-0.053264972595225224,12147.046706963414,01/20/2020 09:57,56.4,
04714B60011A,0.8732652921367928,742.6395375420703,-0.5504181385518336,226596.26758936228,01/20/2020 10:01,,
04714B60011A,0.8508781856058909,84.6471505924977,-0.9465226376100988,21448.549343185798,01/20/2020 10:02,56,
04714B60011A,0.9050929394945849,1403.2899753275713,-1.1208911294576733,404074.72056767065,01/20/2020 10:06,,
04714B60011A,0.9393238280334338,91.11423394736136,-0.9366123478947479,48012.11636838077,01/20/2020 10:07,56.6,
04714B60011A,0.960532372348506,1502.9514821134567,-0.3975307674709274,913301.2812260328,01/20/2020 10:11,,
04714B60011A,1.0034236837719464,122.73536515572701,0.13091073148685162,5517.6267628391715,01/20/2020 10:12,56.4,
04714B60011A,1.0032832410549544,2098.9833790704192,0.3202528008845418,105694.07005491713,01/20/2020 10:16,,
04714B60011A,1.0172833861745574,84.8280088344083,0.13022878410426575,21040.805122737806,01/20/2020 10:17,56,
04714B60011A,1.065418053869551,1322.5356766715795,-0.1928188229262391,407758.87752524985,01/20/2020 10:21,,
04714B60011A,1.0971307557875867,91.30377509379147,-0.34450396257705407,5133.773114153306,01/20/2020 10:22,55.8,
04714B60011A,1.0012956290977415,1490.3124914896414,-0.2437860308988169,100224.44612581257,01/20/2020 10:26,,
04714B60011A,0.8212578517577894,96.9011865224975,0.042278247806432745,46323.29708040044,01/20/2020 10:27,56.4,
04714B60011A,0.707290824934419,1663.6612845007023,0.4175786119130498,915808.9426400794,01/20/2020 10:31,,
04714B60011A,0.6097934473709001,49.29295781738584,0.31304983806482767,1325.7698527465927,01/20/2020 10:32,56.3,
04714B60011A,0.6115712313086354,775.4044237184333,-0.8261518372925414,26258.395652425184,01/20/2020 10:36,,
04714B60011A,0.6201341950292043,23.351704181614245,-2.7233662930655704,5096.469196930169,01/20/2020 10:37,56.1,
04714B60011A,0.6050922110632591,285.8165384823748,-5.330942633401447,102620.88632552914,01/20/2020 10:41,,
04714B60011A,0.5810492578421232,12.837589579314841,-5.23540562920895,38.32085307435441,01/20/2020 10:42,56.1,
04714B60011A,0.5788322112888643,111.33501620538463,-2.905416691094416,610.585788646109,01/20/2020 10:46,,
04714B60011A,0.5240959462007351,21.166389563077626,-0.7533935379572663,1290.6567861653834,01/20/2020 10:47,56,
04714B60011A,0.4997159577607185,307.7571190060157,0.6196800111561167,26435.065891537248,01/20/2020 10:51,,
04714B60011A,0.5562374637843293,31.98007965714705,0.5467241631039643,1534.8214710004934,01/20/2020 10:52,56.1,
04714B60011A,0.8106581728421769,486.4885960032019,0.008712474896887201,31736.590804907093,01/20/2020 10:56,,
04714B60011A,1.0460594833488148,74.4287700818816,-0.48114214878825745,5101.256202951126,01/20/2020 10:57,56.3,
04714B60011A,1.2381601392927697,1323.4131017077148,-0.33741435987769197,106941.2400474147,01/20/2020 11:01,,
04714B60011A,1.2555829166248476,183.41075921811787,0.4071718686926502,42870.10578040597,01/20/2020 11:02,55.7,
04714B60011A,1.2457034425307079,3644.9457029807695,1.207395129159306,909888.6845159912,01/20/2020 11:06,,
04714B60011A,1.2649467993187369,46.1303477091334,1.4360267741720771,10479.592048159668,01/20/2020 11:07,55.4,
04714B60011A,1.2539899009812792,734.935903458651,-0.19325951193389912,224583.6122657307,01/20/2020 11:11,,
04714B60011A,1.2422532414071787,25.607825961114834,-0.2741349522677181,37.97156234490328,01/20/2020 11:12,55.4,
04714B60011A,1.1929544545095503,295.42682704101054,0.27922455835891213,557.0591950399398,01/20/2020 11:16,,
04714B60011A,0.9365729157681764,18.241088471421875,0.20392928562354218,4582.057030195628,01/20/2020 11:17,55.2,
04714B60011A,0.6908297641390604,204.99434767526316,0.16919242907829002,100204.63328026008,01/20/2020 11:21,,
04714B60011A,0.4722016048412264,13.598366932644392,0.4178363857750327,1238.9463502372323,01/20/2020 11:22,55.3,
04714B60011A,0.46487108360311313,200.85725687993445,0.6098142168282923,27340.114905335042,01/20/2020 11:26,,
04714B60011A,0.5262597851415216,19.445210816552382,0.8863529539282591,4506.867022257067,01/20/2020 11:27,55.1,
04714B60011A,0.5890829004962336,328.97553989610236,1.4436883725659486,100848.475695878,01/20/2020 11:31,,
04714B60011A,0.6619965198965804,24.52555259243451,1.848025563541737,48.798400763201805,01/20/2020 11:32,55.1,
04714B60011A,0.8429982300418501,449.60977089376684,1.9207959157443604,999.536686905798,01/20/2020 11:36,,
04714B60011A,1.0133719571777808,29.695390328448248,1.58693236015823,9907.708211499072,01/20/2020 11:37,54.8,
04714B60011A,1.0349113522876332,568.0055801861613,1.0146306065850248,226807.90829835643,01/20/2020 11:41,,
04714B60011A,0.9119752862076723,14.05905547312726,0.9097514628011059,18.815660041626742,01/20/2020 11:42,54.8,
04714B60011A,0.8509781126593333,218.64871962290275,0.5461675288841423,324.8016051167706,01/20/2020 11:46,,
04714B60011A,0.8041455415780431,23.366075253986708,0.09817730687003223,4328.184399102891,01/20/2020 11:47,54.6,
04714B60011A,0.9555535952012653,448.4628932531719,1.8747301772921672,101304.72725636838,01/20/2020 11:51,,
04714B60011A,0.9046309555736803,17.558754829360716,2.5933012428675837,54.18740865206597,01/20/2020 11:52,54.6,
04714B60011A,0.8263433946335327,267.9706992827293,2.4070749089020813,1134.2609031346192,01/20/2020 11:56,,
04714B60011A,0.8171975056686246,63.96619563469204,1.880730061937248,29.496260648307565,01/20/2020 11:57,54.6,
04714B60011A,0.7012629717206341,1352.4077974653567,1.4160380376458104,530.2671339206904,01/20/2020 12:01,,
04714B60011A,0.6008436554392379,64.09879333771791,1.3062676439725323,26150.670284725,01/20/2020 12:02,54.1,
04714B60011A,0.5728691096664004,1345.2214120222905,1.2605076915660627,634244.5099186853,01/20/2020 12:06,,
04714B60011A,0.6013512464437649,61.526642749198736,1.2694785709021854,26201.114089131403,01/20/2020 12:07,54.6,
04714B60011A,0.6432562109173858,1293.01808489271,1.7221341648861435,643069.469751478,01/20/2020 12:11,,
04714B60011A,0.7023137785865439,110.92089029485349,2.343559009757933,25584.81608045241,01/20/2020 12:12,54.1,
04714B60011A,0.9179143663882385,2528.7311599495565,2.5128377556666432,635526.4016763796,01/20/2020 12:16,,
04714B60011A,0.9013453445805847,35.545921242230555,2.3758210400979083,1098.5082470695877,01/20/2020 12:17,54,
04714B60011A,0.8197574707833336,561.4414659047993,1.97078982410852,27293.801283763532,01/20/2020 12:21,,
04714B60011A,0.7876827289912699,80.75085510487108,1.4349114828299188,4191.934792583083,01/20/2020 12:22,54.2,
04714B60011A,0.7172116555747171,1755.154820319174,1.538717228133689,106443.52255564931,01/20/2020 12:26,,
04714B60011A,0.6293607365732709,105.50025973529134,2.340986943539973,48397.1213394019,01/20/2020 12:27,53.5,
04714B60011A,0.7581789713143036,2471.7506637112815,3.111194350254962,1247571.1073926645,01/20/2020 12:31,,
04714B60011A,0.9051866787762635,31.034912489223927,3.495649228847472,1098.5015166470869,01/20/2020 12:32,53.6,
04714B60011A,0.8232451616271854,596.2316258855926,3.37462828709676,28473.180605208272,01/20/2020 12:36,,
04714B60011A,0.6977253940216784,23.858238725612164,3.4497461014671256,1047.6696451384967,01/20/2020 12:37,53.7,
04714B60011A,0.547404526706843,409.18633417287214,3.5331452640709635,27489.209457224813,01/20/2020 12:41,,
04714B60011A,0.42574122514592855,44.088618253453184,3.5963097480150283,8604.388974119805,01/20/2020 12:42,53.4,
04714B60011A,0.5422140604445591,1006.8637414923302,3.652356890372629,230290.50942973202,01/20/2020 12:46,,
04714B60011A,0.6782464165555614,20.25693530273285,3.4462272687681237,958.5012902026363,01/20/2020 12:47,53.3,
04714B60011A,0.7753729191287316,369.2077238975333,3.055493075582631,25834.414425857576,01/20/2020 12:51,,
04714B60011A,0.8494804343565531,52.60989046807358,2.6391541893505,3835.9004433449377,01/20/2020 12:52,53.5,
04714B60011A,0.69372557409004,1267.7374131281101,2.713798321415574,105313.52811247474,01/20/2020 12:56,,
04714B60011A,0.5223902301377364,65.32414178504365,3.3370887553148507,33002.49776066629,01/20/2020 12:57,52.9,
04714B60011A,0.4600694859813896,1645.6707299108286,3.855295027572137,919607.8139179812,01/20/2020 13:01,,
04714B60011A,0.46895773350072806,21.419447644699833,3.8866783725727765,3766.714538723913,01/20/2020 13:02,53.1,
04714B60011A,0.5630703778120753,445.54966840169976,3.4195523277866764,106253.2711550442,01/20/2020 13:06,,
04714B60011A,0.6892463647600326,24.68480177083564,3.3524118788706696,3567.1238340251853,01/20/2020 13:07,52.9,
04714B60011A,0.8611232174940806,517.9316149437867,3.9164980591667113,101978.93723697247,01/20/2020 13:11,,
04714B60011A,0.5868540437177526,25.499908372714376,4.0719336527638355,63.59072134925879,01/20/2020 13:12,52.9,
04714B60011A,0.5198903560150528,543.1522458273179,4.033507146775777,1634.6265888297037,01/20/2020 13:16,,
04714B60011A,0.5085387747777316,58.93838259706371,3.9867411652330755,7754.529437521652,01/20/2020 13:17,52.6,
04714B60011A,0.5877577313230088,1578.7206113446132,3.8600130274762843,228232.88876714322,01/20/2020 13:21,,
04714B60011A,0.7376225158224318,28.22176844371719,3.837060349686896,7643.562125121669,01/20/2020 13:22,52.3,
04714B60011A,0.8812574457794751,644.9472823605612,3.7612992214072145,228141.85876330562,01/20/2020 13:26,,
04714B60011A,0.9291172747683045,45.13544308580844,3.574639328325821,7981.667998110791,01/20/2020 13:27,52.6,
04714B60011A,0.7977999820965702,1176.9851438859614,3.49642885928872,241736.81238853958,01/20/2020 13:31,,
04714B60011A,0.796566512246807,67.05358811013592,3.4614347137895622,20827.80706313555,01/20/2020 13:32,52.1,
04714B60011A,0.8444815527783657,1702.5372281597702,3.02505720173359,640245.6948180286,01/20/2020 13:36,,
04714B60011A,0.9231813719951462,73.27502265879193,2.356879501962108,898.6542809469659,01/20/2020 13:37,52.2,
04714B60011A,1.0060344144510882,1941.5954582596305,2.2625552287548314,27714.42121948811,01/20/2020 13:41,,
04714B60011A,1.0918450679193878,72.92089696297964,2.9683823881249793,39501.22942392643,01/20/2020 13:42,51.5,
04714B60011A,1.0465923088109435,1967.897905142821,3.9241005207097572,1251507.4191023295,01/20/2020 13:46,,
04714B60011A,0.7589761580532985,39.478151857833296,4.528045097930599,7433.311558536556,01/20/2020 13:47,51.8,
04714B60011A,0.6600390014694303,986.8095440967289,4.1947441054332515,238884.7363040846,01/20/2020 13:51,,
04714B60011A,0.6563721248372167,18.81325844761567,4.406524788506799,59.3666318773096,01/20/2020 13:52,51.8,
04714B60011A,0.6752875150170737,332.5364070808776,4.474379281458024,1665.4785798744656,01/20/2020 13:56,,
04714B60011A,0.7380589412626513,41.07093134970125,3.9329079794923243,804.810187841024,01/20/2020 13:57,51.7,
04714B60011A,0.7104528163769412,1071.80041440477,3.474059651773416,26409.263152194275,01/20/2020 14:01,,
04714B60011A,0.6014114705191976,38.19634167057864,3.3565720835420336,12165.705084504569,01/20/2020 14:02,51.3,
04714B60011A,0.6724842592860094,1098.9654338851615,3.325191608987865,410209.8151065072,01/20/2020 14:06,,
04714B60011A,0.7985998869090105,35.585370178313404,3.3743494114466612,18984.71487606636,01/20/2020 14:07,51.8,
04714B60011A,0.9289673906400359,1001.3238471808687,3.81348787762774,650688.9005009313,01/20/2020 14:11,,
04714B60011A,0.8563766956325516,58.918365662333805,4.375607282954454,6699.949598713867,01/20/2020 14:12,51.5,
04714B60011A,0.7647653595463261,1829.663766228024,4.632584632471935,233257.86822103674,01/20/2020 14:16,,
04714B60011A,0.692167946874716,20.181525896491046,4.457250343403357,6575.554455903717,01/20/2020 14:17,51.2,
04714B60011A,0.6733873848237268,482.83375041462205,4.192425251284183,232819.3038143799,01/20/2020 14:21,,
04714B60011A,0.6472592284215918,16.590311188960825,4.00002984164441,65.53453336757761,01/20/2020 14:22,51.2,
04714B60011A,0.6034667733799263,406.67032515275343,4.33772832960882,2165.6566486380757,01/20/2020 14:26,,
04714B60011A,0.5520109494440371,10.399549630626197,4.643292256080066,2882.133430454643,01/20/2020 14:27,51.4,
04714B60011A,0.5482036224237469,196.2564571165726,4.498016426634976,105515.09629811288,01/20/2020 14:31,,
04714B60011A,0.5630915233231828,34.96868362978245,4.300132570662143,706.2462575931253,01/20/2020 14:32,51.3,
04714B60011A,0.6040046874211535,1157.1221231717218,4.281614178769799,26212.998603280696,01/20/2020 14:36,,
04714B60011A,0.6419190983442526,21.645417586926314,4.4728465308210374,10849.372673352807,01/20/2020 14:37,50.9,
04714B60011A,0.683656757736813,687.2319294946111,4.63473429487393,412143.88580112194,01/20/2020 14:41,,
04714B60011A,0.7320995196609701,15.726773543710308,4.666353068949943,6092.8018133400865,01/20/2020 14:42,51.2,
04714B60011A,0.7538590755706986,476.6567690820702,4.449265162238545,235631.68849077067,01/20/2020 14:46,,
04714B60011A,0.6326480859621127,14.285226560789724,3.672147461612526,2609.8782972843765,01/20/2020 14:47,51,
04714B60011A,0.5143714824930673,445.78664378345155,3.350295252587861,102755.9852384892,01/20/2020 14:51,,
04714B60011A,0.4120578123406098,5.926243658914792,3.8006622435417947,52.64911731281785,01/20/2020 14:52,51,
04714B60011A,0.44636159226676314,105.07447720824668,4.408136340025239,1975.5730979851949,01/20/2020 14:56,,
04714B60011A,0.49863031209794717,17.34459246121776,4.676633978884983,43.66957943424272,01/20/2020 14:57,51,
04714B60011A,0.5085543106805435,563.8303277262402,4.630581807561661,1636.1192147011598,01/20/2020 15:01,,
04714B60011A,0.5366220680063245,27.190677512618777,4.495755870823095,5603.889432967902,01/20/2020 15:02,50.7,
04714B60011A,0.5874631216204014,954.7977832009612,4.386720719700397,233785.1858989487,01/20/2020 15:06,,
04714B60011A,0.6454612802803418,20.45224646707145,4.422403194757931,2435.8287989041555,01/20/2020 15:07,50.5,
04714B60011A,0.7124852646711024,697.5289554000215,4.459085995409811,103569.99472356227,01/20/2020 15:11,,
04714B60011A,0.6340909925634252,22.89627463028877,4.436031934230893,9626.73943239823,01/20/2020 15:12,50.9,
04714B60011A,0.5765287337365371,783.1020952477289,4.4616073919496095,418168.56054790015,01/20/2020 15:16,,
04714B60011A,0.5440710887679654,26.4673823555091,4.508900805689687,597.3545387506408,01/20/2020 15:17,50.8,
04714B60011A,0.5393443132435695,966.4845724384691,4.546509129885827,26287.19038805085,01/20/2020 15:21,,
04714B60011A,0.5337698279805886,15.971973592731933,4.586178574236553,5166.279701076829,01/20/2020 15:22,50.5,
04714B60011A,0.48474731812037464,517.3905296915954,4.600684139812776,233896.62213787538,01/20/2020 15:26,,
04714B60011A,0.4221325636408148,15.638705757928651,4.629112707151257,5177.891784368223,01/20/2020 15:27,50.8,
04714B60011A,0.5715048833167383,546.738920656365,4.674136639568933,239537.6785909052,01/20/2020 15:31,,
04714B60011A,0.7312954656401521,21.45974567168907,4.667500721179476,4925.845534117375,01/20/2020 15:32,50.5,
04714B60011A,0.8075188718188017,775.4489835464766,4.659844767046927,232886.7488039273,01/20/2020 15:36,,
04714B60011A,0.7513308820627221,21.182791102121485,4.52596318963578,31.03512280498812,01/20/2020 15:37,50.5,
04714B60011A,0.7355283492812814,788.5513782512878,4.410024128338123,1263.8732010153633,01/20/2020 15:41,,
04714B60011A,0.7275896555284013,17.03000312985577,4.479915300129813,8396.609021525177,01/20/2020 15:42,50.1,
04714B60011A,0.6540359335024629,578.3072407853999,4.628117258246727,415563.74904756906,01/20/2020 15:46,,
04714B60011A,0.5427755607651785,23.317129802915524,4.57011666252517,2110.9971440835056,01/20/2020 15:47,50.3,
04714B60011A,0.5211265527140156,923.8353024314235,4.338698070627545,106726.33743188965,01/20/2020 15:51,,
04714B60011A,0.5299995304353277,13.002313820133445,4.452212716247512,2096.9189541131354,01/20/2020 15:52,50.5,
04714B60011A,0.6389072546797394,440.7681793575876,4.6515692079300885,108655.13678674307,01/20/2020 15:56,,
04714B60011A,0.7636396630712528,16.794397290718027,4.6065380024100815,524.1256433380873,01/20/2020 15:57,50.6,
04714B60011A,0.7312192962624019,548.7648879403675,4.261352474385948,27543.153366643564,01/20/2020 16:01,,
04714B60011A,0.6672029863458376,32.39518485617921,3.7995720352237585,4347.916385296523,01/20/2020 16:02,50.3,
04714B60011A,0.6503969766833,1401.9493457511846,3.5314204509751432,236918.31629457037,01/20/2020 16:06,,
04714B60011A,0.6398690827267687,24.795955562973027,3.557179171561015,4189.203215489743,01/20/2020 16:07,50,
04714B60011A,0.7226460419579691,1062.5229751889126,3.5947578995369565,234267.2604399481,01/20/2020 16:11,,
04714B60011A,0.8274907632681322,37.399616370370985,3.4089009700093165,11454.016630900502,01/20/2020 16:12,50.5,
04714B60011A,0.828777122721008,1730.492295269805,2.8528931084695994,658199.4321953142,01/20/2020 16:16,,
04714B60011A,0.8815065367642821,38.523351684000524,2.118516598016388,493.59642543391203,01/20/2020 16:17,50.4,
04714B60011A,0.888503051183683,1522.213594567398,1.4289813279160146,28188.953693377898,01/20/2020 16:21,,
04714B60011A,0.8862780940962046,48.14923148019936,0.9785702620848449,6938.347687679248,01/20/2020 16:22,50,
04714B60011A,0.8211226284989898,2235.376621083459,1.1980013795277769,420821.51156206353,01/20/2020 16:26,,
04714B60011A,0.7173190868614909,54.97468322311762,2.1864283407945284,26776.756402165807,01/20/2020 16:27,50.8,
04714B60011A,0.7211623930314015,2805.631651151412,3.5498668183449444,1673289.17101284,01/20/2020 16:31,,
04714B60011A,0.7255280200746819,30.13627505860643,4.542297297947549,3697.39242869982,01/20/2020 16:32,50.5,
04714B60011A,0.7729138280336753,1376.2378743713257,4.639459216654413,237457.7649050843,01/20/2020 16:36,,
04714B60011A,0.843412017012027,16.137266451891,4.645931790355224,23.47329407924233,01/20/2020 16:37,50.5,
04714B60011A,0.7832147327186524,325.54073424194536,4.613969155656875,806.2165870598676,01/20/2020 16:41,,
04714B60011A,0.6729403497776518,20.05857879497478,4.292566500381336,21.07340902446645,01/20/2020 16:42,50.5,
04714B60011A,0.627778246516007,784.188883788313,3.9847745052912575,777.6305002427991,01/20/2020 16:46,,
04714B60011A,0.49397048063850774,14.581699274220016,4.008695327221623,5936.9776902913645,01/20/2020 16:47,50.1,
04714B60011A,0.4897724424032695,727.341096730175,4.352507038459727,419488.7736373557,01/20/2020 16:51,,
04714B60011A,0.5048251206874169,20.188359106555673,4.65694057308847,5750.313008095686,01/20/2020 16:52,50.5,
04714B60011A,0.5540808029613424,1191.8386344732269,4.381109470612398,420067.47899806534,01/20/2020 16:56,,
04714B60011A,0.6115898500446632,8.151092387408998,3.6013547494895297,18.816115348347232,01/20/2020 16:57,50.5,
04714B60011A,0.6105782858440832,315.43090314508504,3.882296163354426,1109.1566514626297,01/20/2020 17:01,,
04714B60011A,0.6255730498679781,8.103581129053605,4.569212172022144,359.94516248643106,01/20/2020 17:02,50.6,
04714B60011A,0.6298580076390341,200.98451909021176,4.658110322119804,27788.35164796427,01/20/2020 17:06,,
04714B60011A,0.6031010762341787,12.775750863054764,4.524008951093434,343.40813594434087,01/20/2020 17:07,50.7,
04714B60011A,0.6241664485574612,644.7425674057471,4.527171446468868,27492.63927937413,01/20/2020 17:11,,
04714B60011A,0.6320322803649076,17.41779174473524,4.645744711004853,4970.303036665046,01/20/2020 17:12,50.3,
04714B60011A,0.6583244526875466,1205.1759371267576,4.492857352734913,419729.95916426246,01/20/2020 17:16,,
04714B60011A,0.6849756482182394,6.170604129156281,3.4942732701140002,304.79599340219033,01/20/2020 17:17,50.2,
04714B60011A,0.6542009156082972,276.6083543012599,2.332641125899002,26519.99097009311,01/20/2020 17:21,,
04714B60011A,0.6178492581456577,5.9009517609371,3.4830662968384902,299.828886704723,01/20/2020 17:22,50.3,
04714B60011A,0.5491412373694429,139.6928425712422,4.381621223242324,27083.402688748818,01/20/2020 17:26,,
04714B60011A,0.4771895068784272,6.580220056290894,4.617292031153178,280.6705615050955,01/20/2020 17:27,50.2,
04714B60011A,0.5154053702989608,331.29949661648243,4.650797352780935,26504.628308441963,01/20/2020 17:31,,
04714B60011A,0.5492311329725843,5.359498444016619,4.647467079075382,2368.8537435134594,01/20/2020 17:32,50.5,
04714B60011A,0.5349879167383106,348.1836094249051,4.564364432688415,236808.3104862647,01/20/2020 17:36,,
04714B60011A,0.5088918274139018,7.561116826713533,4.290940085202633,1005.6260675951198,01/20/2020 17:37,50.3,
04714B60011A,0.5806510839189402,606.2227913843278,4.068648900239872,105251.22892613341,01/20/2020 17:41,,
04714B60011A,0.5308879422556196,4.330012265464633,4.107000910867362,242.8319726486836,01/20/2020 17:42,50.2,
04714B60011A,0.5029401346694493,165.30117840606675,4.388265736508527,26443.09445602629,01/20/2020 17:46,,
04714B60011A,0.4891972116520876,5.470776076378634,4.590281347013627,234.91364006116785,01/20/2020 17:47,50.3,
04714B60011A,0.4373621684869215,328.13020633343575,4.616376435587315,26928.017694530507,01/20/2020 17:51,,
04714B60011A,0.35821098329252105,5.586468558388631,4.60104018704274,1930.7363897072967,01/20/2020 17:52,50,
04714B60011A,0.3395317518710297,444.28599394555175,4.592940149174886,236241.5201071685,01/20/2020 17:56,,
04714B60011A,0.35473318593452624,5.6620823083779594,4.609458419781235,846.2478233747557,01/20/2020 17:57,50.2,
04714B60011A,0.369632679718795,396.34365576244056,4.615181659639361,109480.50646222514,01/20/2020 18:01,,
04714B60011A,0.4052180695148634,7.196857055321479,4.586146593162447,42.833826483769045,01/20/2020 18:02,50.2,
04714B60011A,0.41302644508814307,558.8587076305638,4.545738350546065,123.35987167055657,01/20/2020 18:06,,
04714B60011A,0.430596960118954,6.181687235075874,4.555732277289096,1616.786766472028,01/20/2020 18:07,49.9,
04714B60011A,0.424333398215527,463.9391309295358,4.589879814436177,237522.86168093828,01/20/2020 18:11,,
04714B60011A,0.3866667962236521,5.072427194658701,4.5868539201068845,1523.5020748848856,01/20/2020 18:12,50.2,
04714B60011A,0.4609180772525035,429.88360538888395,4.326037561453733,239998.52512415987,01/20/2020 18:16,,
04714B60011A,0.5592719333887368,5.015186834722094,3.563550893827112,623.6046812823356,01/20/2020 18:17,50,
04714B60011A,0.5142646570310704,382.46304171311607,3.265707436950393,105556.78593035771,01/20/2020 18:21,,
04714B60011A,0.4640455918600401,3.9114085751426018,3.8240804167160984,3.4493680019015764,01/20/2020 18:22,50,
04714B60011A,0.44054785844094635,201.0865658456501,4.142370719493561,115.42712329593843,01/20/2020 18:26,,
04714B60011A,0.40175387658485384,3.212375150600333,4.157789990131161,522.3878720001142,01/20/2020 18:27,49.8,
04714B60011A,0.34578690330344763,214.11420921684393,4.029242208631403,104602.65461822134,01/20/2020 18:31,,
04714B60011A,0.25814674774700924,2.5362575618467957,3.910477005313187,485.25005335983263,01/20/2020 18:32,50,
04714B60011A,0.24686934224738125,228.2525244814899,3.7737029203967802,107035.43991543747,01/20/2020 18:36,,
04714B60011A,0.26411265553520435,2.434574929631296,3.678788150281647,111.53899634153068,01/20/2020 18:37,49.9,
04714B60011A,0.27555210099609956,224.71028452526272,3.6615698124263996,26434.50184204253,01/20/2020 18:41,,
04714B60011A,0.28895550728033664,2.2261378297882546,3.7444909619205986,100.23070427949526,01/20/2020 18:42,49.8,
04714B60011A,0.342519422594998,225.23434452047408,4.192200682449176,27360.267424615973,01/20/2020 18:46,,
04714B60011A,0.4075770064552917,3.1696697759680768,4.476984870922312,350.6196847578273,01/20/2020 18:47,50,
04714B60011A,0.5974127274178628,185.79884845907588,4.538039214304652,110158.48819116008,01/20/2020 18:51,,
04714B60011A,0.7656288911754511,6.032284696908315,4.527500594103495,78.54412819493324,01/20/2020 18:52,49.9,
04714B60011A,0.7807413383931332,828.3130260023036,4.49122303033991,27646.94970620404,01/20/2020 18:56,,
04714B60011A,0.7419304016526311,6.223393532911324,4.461703220367933,538.9849531722614,01/20/2020 18:57,49.6,
04714B60011A,0.7636789374869867,1018.5475761028464,4.433467881138701,237406.16371929663,01/20/2020 19:01,,
04714B60011A,0.8062606054312988,4.501871232939337,4.330538146008581,191.61964281489813,01/20/2020 19:02,49.4,
04714B60011A,0.7940898902136264,300.20334740987704,4.098406189438055,104070.90390159498,01/20/2020 19:06,,
04714B60011A,0.737176499949667,3.704562782304612,4.0856165009542105,149.0796370700706,01/20/2020 19:07,49.6,
04714B60011A,0.5977059141402586,240.5770218404831,3.9296340680079687,107786.48599008408,01/20/2020 19:11,,
04714B60011A,0.45836256647467816,2.770076344362788,3.4725610203707715,97.91834687655833,01/20/2020 19:12,49.4,
04714B60011A,0.4014709745232324,315.15384611074785,3.0544728971790933,105615.3894978345,01/20/2020 19:16,,
04714B60011A,0.3508752461314911,1.8492536685808771,2.9761967436318564,1.819226518985875,01/20/2020 19:17,49.4,
04714B60011A,0.33781260077606745,141.50104865092322,3.3226951445529513,94.30020958640412,01/20/2020 19:21,,
04714B60011A,0.3539899899011553,1.7964759470859235,3.6691935454740463,1.7788556487035692,01/20/2020 19:22,49.5,
04714B60011A,0.3701673790262432,-137.9080967567514,4.015691946395141,-90.74249828899698,01/20/2020 19:26,,
04714B60011A,0.386344768151331,-277.6126694605887,4.362190347316236,-183.2638522266975,01/20/2020 19:27,49.3,
04714B60011A,0.4025221572764189,-417.31724216442603,4.708688748237331,-275.78520616439806,01/20/2020 19:31,,
04714B60011A,0.4186995464015067,-557.0218148682633,5.055187149158426,-368.3065601020986,01/20/2020 19:32,49.5,
04714B60011A,,,,,01/20/2020 19:37,49.1,
04714B60011A,,,,,01/20/2020 19:42,49.5,
04714B60011A,,,,,01/20/2020 19:47,49.3,
04714B60011A,,,,,01/20/2020 19:52,49.2,
04714B60011A,,,,,01/20/2020 20:02,49.3,
04714B60011A,,,,,01/20/2020 20:07,49.2,
